-- MySQL dump 10.13  Distrib 8.0.42, for Linux (x86_64)
--
-- Host: 140.245.62.251    Database: Papchat
-- ------------------------------------------------------
-- Server version	11.7.2-MariaDB-ubu2404

/*!40101 SET @OLD_CHARACTER_SET_CLIENT=@@CHARACTER_SET_CLIENT */;
/*!40101 SET @OLD_CHARACTER_SET_RESULTS=@@CHARACTER_SET_RESULTS */;
/*!40101 SET @OLD_COLLATION_CONNECTION=@@COLLATION_CONNECTION */;
/*!50503 SET NAMES utf8mb4 */;
/*!40103 SET @OLD_TIME_ZONE=@@TIME_ZONE */;
/*!40103 SET TIME_ZONE='+00:00' */;
/*!40014 SET @OLD_UNIQUE_CHECKS=@@UNIQUE_CHECKS, UNIQUE_CHECKS=0 */;
/*!40014 SET @OLD_FOREIGN_KEY_CHECKS=@@FOREIGN_KEY_CHECKS, FOREIGN_KEY_CHECKS=0 */;
/*!40101 SET @OLD_SQL_MODE=@@SQL_MODE, SQL_MODE='NO_AUTO_VALUE_ON_ZERO' */;
/*!40111 SET @OLD_SQL_NOTES=@@SQL_NOTES, SQL_NOTES=0 */;

--
-- Table structure for table `AddOn`
--

DROP TABLE IF EXISTS `AddOn`;
/*!40101 SET @saved_cs_client     = @@character_set_client */;
/*!50503 SET character_set_client = utf8mb4 */;
CREATE TABLE `AddOn` (
  `id_add_on` int(11) NOT NULL,
  `urutan_pengiriman` int(11) NOT NULL,
  `id_room_chat` int(11) NOT NULL,
  `id_user` int(11) NOT NULL,
  `x_awal` int(11) DEFAULT NULL,
  `x_akhir` int(11) DEFAULT NULL,
  `y_awal` int(11) DEFAULT NULL,
  `y_akhir` int(11) DEFAULT NULL,
  `tipe_add_on` varchar(50) NOT NULL,
  PRIMARY KEY (`id_add_on`,`urutan_pengiriman`,`id_room_chat`,`id_user`),
  KEY `urutan_pengiriman` (`urutan_pengiriman`,`id_room_chat`,`id_user`),
  CONSTRAINT `AddOn_ibfk_1` FOREIGN KEY (`urutan_pengiriman`, `id_room_chat`, `id_user`) REFERENCES `Konten` (`urutan_pengiriman`, `id_room_chat`, `id_user`)
) ENGINE=InnoDB DEFAULT CHARSET=utf8mb4 COLLATE=utf8mb4_uca1400_ai_ci;
/*!40101 SET character_set_client = @saved_cs_client */;

--
-- Dumping data for table `AddOn`
--

LOCK TABLES `AddOn` WRITE;
/*!40000 ALTER TABLE `AddOn` DISABLE KEYS */;
INSERT INTO `AddOn` VALUES (1,1,5,10,2606,2908,854,1929,'image'),(1,1,12,17,3508,3536,1417,1429,'image'),(1,1,13,8,2073,3038,2563,2853,'image'),(1,1,16,2,104,3883,2851,2891,'caption'),(1,1,23,2,3835,4026,2648,2768,'image'),(1,1,40,6,2231,2543,2049,2665,'image'),(1,1,44,12,2486,3754,2214,2465,'caption'),(1,1,48,6,3971,4019,1650,2407,'image'),(1,2,8,13,663,3685,1093,2564,'image'),(1,2,37,14,1591,2285,1519,2466,'caption'),(1,2,37,15,2351,3372,1537,2566,'caption'),(1,2,39,4,778,2581,557,846,'caption'),(1,2,40,5,3797,3811,2143,2880,'image'),(1,2,41,3,2610,3086,1381,2995,'caption'),(1,2,41,10,1806,3241,2207,2922,'caption'),(1,2,48,1,708,3672,802,888,'caption'),(1,3,5,10,3829,3848,2342,2905,'caption'),(1,3,14,14,242,1522,884,1345,'image'),(1,3,16,2,2667,3179,441,1139,'caption'),(1,3,23,2,3764,3868,2949,2953,'caption'),(1,3,37,6,2271,3665,1064,2238,'image'),(1,3,44,12,913,3580,1520,2107,'caption'),(1,3,48,6,2443,2813,1834,2568,'image'),(1,4,12,17,3042,3269,1313,2540,'image'),(1,4,37,6,1879,2855,2242,2848,'image'),(1,4,39,4,3429,3620,2622,2838,'caption'),(1,4,44,12,1083,1355,2665,2985,'image'),(1,5,18,18,2952,3235,2550,2920,'caption'),(1,5,19,9,3733,3737,1284,2971,'image'),(2,1,12,17,3065,3310,976,2408,'caption'),(2,1,13,8,122,1219,2885,2904,'caption'),(2,1,16,2,3541,3772,1711,2612,'caption'),(2,1,23,2,1465,2923,2646,2948,'image'),(2,1,40,6,1321,3179,2313,2930,'image'),(2,1,48,6,3609,3654,1605,2647,'image'),(2,2,37,15,3963,3974,2990,2993,'caption'),(2,2,40,5,1284,1595,754,2719,'caption'),(2,2,41,10,443,1430,1260,1467,'image'),(2,2,48,1,3400,3460,902,1536,'image'),(2,3,5,10,1831,3303,1852,2085,'caption'),(2,3,14,14,3164,3288,2901,2988,'image'),(2,3,16,2,806,3831,1726,1958,'caption'),(2,3,23,2,1262,3761,1715,2857,'image'),(2,3,37,6,3796,3941,1099,1548,'caption'),(2,3,48,6,498,1520,1463,2912,'caption'),(2,4,12,17,3486,4010,1067,1604,'caption'),(2,4,37,6,2961,3344,2191,2840,'caption'),(2,4,39,4,134,1625,887,2777,'caption'),(2,5,18,18,599,3842,2048,2156,'image'),(2,5,19,9,1573,2762,899,1617,'caption'),(3,1,13,8,1887,3952,1064,2895,'caption'),(3,2,37,15,2670,2790,2392,2583,'caption'),(3,2,40,5,1959,2805,1474,1739,'image'),(3,2,41,10,2760,3672,1398,2970,'image'),(3,3,16,2,1981,2063,1207,2671,'caption'),(3,3,23,2,50,2403,2817,2849,'image'),(3,3,37,6,168,2981,2790,3017,'image'),(3,4,12,17,1372,3368,1296,2829,'image'),(3,4,37,6,2672,3816,101,428,'image'),(3,5,18,18,3551,3952,512,676,'caption'),(3,5,19,9,670,3805,1723,2341,'caption');
/*!40000 ALTER TABLE `AddOn` ENABLE KEYS */;
UNLOCK TABLES;

--
-- Table structure for table `Berteman`
--

DROP TABLE IF EXISTS `Berteman`;
/*!40101 SET @saved_cs_client     = @@character_set_client */;
/*!50503 SET character_set_client = utf8mb4 */;
CREATE TABLE `Berteman` (
  `id_user1` int(11) NOT NULL,
  `id_user2` int(11) NOT NULL,
  `streak` int(11) DEFAULT NULL,
  `tanggal_mulai` date NOT NULL,
  PRIMARY KEY (`id_user1`,`id_user2`),
  KEY `id_user2` (`id_user2`),
  CONSTRAINT `Berteman_ibfk_1` FOREIGN KEY (`id_user1`) REFERENCES `Pengguna` (`id_user`),
  CONSTRAINT `Berteman_ibfk_2` FOREIGN KEY (`id_user2`) REFERENCES `Pengguna` (`id_user`)
) ENGINE=InnoDB DEFAULT CHARSET=utf8mb4 COLLATE=utf8mb4_uca1400_ai_ci;
/*!40101 SET character_set_client = @saved_cs_client */;

--
-- Dumping data for table `Berteman`
--

LOCK TABLES `Berteman` WRITE;
/*!40000 ALTER TABLE `Berteman` DISABLE KEYS */;
INSERT INTO `Berteman` VALUES (1,2,7,'2024-12-13'),(1,21,3,'2024-10-22'),(1,33,13,'2023-11-15'),(1,38,84,'2023-04-12'),(1,39,52,'2024-06-18'),(2,5,18,'2024-08-01'),(2,21,56,'2023-09-25'),(2,22,1,'2024-10-31'),(2,32,27,'2025-02-25'),(2,35,10,'2025-05-12'),(2,47,8,'2025-01-18'),(3,6,46,'2025-03-20'),(3,14,49,'2025-03-29'),(3,17,12,'2025-03-17'),(3,19,83,'2025-02-18'),(3,50,79,'2025-05-02'),(4,7,99,'2025-05-13'),(4,10,13,'2025-03-07'),(4,36,87,'2025-03-25'),(4,40,89,'2025-02-06'),(5,6,41,'2025-04-14'),(5,11,65,'2025-02-11'),(5,21,70,'2025-04-02'),(5,44,33,'2025-04-25'),(6,8,96,'2024-10-11'),(6,10,73,'2024-05-30'),(6,20,64,'2025-01-03'),(6,41,53,'2024-11-08'),(7,21,11,'2024-10-29'),(7,30,44,'2023-06-13'),(7,37,54,'2024-06-08'),(7,39,65,'2024-07-19'),(8,20,57,'2023-09-05'),(8,29,76,'2022-12-01'),(8,42,42,'2024-12-08'),(9,21,46,'2024-05-21'),(9,35,44,'2024-01-17'),(9,38,14,'2024-10-07'),(9,43,100,'2023-03-10'),(10,14,10,'2025-02-11'),(10,15,91,'2025-04-24'),(10,41,83,'2025-01-17'),(10,46,53,'2025-02-15'),(11,13,16,'2024-07-25'),(11,14,97,'2024-10-20'),(11,17,43,'2024-02-23'),(11,41,27,'2023-12-31'),(13,29,9,'2024-05-06'),(13,30,98,'2023-04-20'),(13,35,90,'2023-05-28'),(13,39,81,'2024-01-03'),(14,20,69,'2024-10-11'),(14,27,7,'2024-11-01'),(14,29,65,'2025-01-28'),(14,38,46,'2025-03-23'),(14,44,86,'2025-03-24'),(15,22,30,'2023-04-26'),(15,27,4,'2023-03-06'),(15,37,90,'2023-07-02'),(15,47,79,'2024-02-19'),(15,49,6,'2024-01-11'),(16,23,46,'2025-04-14'),(16,31,68,'2024-01-04'),(16,36,33,'2024-09-09'),(16,43,61,'2024-10-14'),(17,19,0,'2025-02-25'),(17,42,29,'2024-12-21'),(17,50,94,'2025-05-14'),(18,48,32,'2024-08-21'),(18,49,38,'2025-02-24'),(19,35,52,'2024-12-09'),(19,47,62,'2025-05-08'),(20,28,45,'2025-03-29'),(20,29,44,'2024-11-05'),(20,36,92,'2024-05-12'),(21,28,15,'2024-06-27'),(21,35,67,'2024-07-11'),(21,37,20,'2025-02-10'),(21,46,85,'2025-03-23'),(22,26,51,'2025-01-28'),(22,41,5,'2025-01-27'),(22,43,56,'2025-01-23'),(23,24,76,'2025-03-23'),(23,46,61,'2023-06-30'),(24,42,90,'2023-04-02'),(24,43,57,'2024-11-16'),(25,37,29,'2025-04-07'),(25,40,87,'2025-04-22'),(26,41,48,'2023-10-17'),(26,44,50,'2025-04-15'),(27,29,26,'2024-12-17'),(27,41,92,'2025-01-01'),(27,43,92,'2024-03-09'),(27,50,44,'2025-03-15'),(28,32,99,'2025-04-20'),(28,35,66,'2024-12-07'),(28,46,57,'2023-06-20'),(29,34,78,'2024-04-02'),(29,36,89,'2023-04-27'),(29,37,38,'2025-02-14'),(30,34,75,'2022-11-24'),(30,48,18,'2023-05-14'),(31,36,8,'2025-05-01'),(31,47,34,'2025-05-02'),(32,38,45,'2025-04-01'),(32,39,89,'2025-03-26'),(32,44,87,'2024-11-25'),(32,46,50,'2025-04-08'),(33,35,16,'2025-03-19'),(33,39,83,'2025-02-09'),(35,41,49,'2023-10-15'),(35,45,62,'2023-05-21'),(36,45,18,'2024-11-16'),(37,38,49,'2025-04-28'),(38,46,40,'2024-03-01'),(38,48,61,'2023-11-28'),(40,44,15,'2025-04-07'),(40,47,86,'2024-11-22'),(41,42,80,'2024-04-12'),(41,44,97,'2024-03-30'),(42,48,42,'2024-03-24'),(43,48,35,'2025-04-04'),(44,47,55,'2024-10-25'),(44,50,66,'2023-12-13'),(45,50,44,'2025-05-11'),(46,50,43,'2025-01-12'),(47,49,63,'2023-12-10'),(48,50,30,'2024-09-10');
/*!40000 ALTER TABLE `Berteman` ENABLE KEYS */;
UNLOCK TABLES;

--
-- Table structure for table `Caption`
--

DROP TABLE IF EXISTS `Caption`;
/*!40101 SET @saved_cs_client     = @@character_set_client */;
/*!50503 SET character_set_client = utf8mb4 */;
CREATE TABLE `Caption` (
  `id_add_on` int(11) NOT NULL,
  `urutan_pengiriman` int(11) NOT NULL,
  `id_room_chat` int(11) NOT NULL,
  `id_user` int(11) NOT NULL,
  `font_style` varchar(100) DEFAULT NULL,
  `teks` text DEFAULT NULL,
  PRIMARY KEY (`id_add_on`,`urutan_pengiriman`,`id_room_chat`,`id_user`),
  KEY `urutan_pengiriman` (`urutan_pengiriman`,`id_room_chat`,`id_user`),
  CONSTRAINT `Caption_ibfk_1` FOREIGN KEY (`id_add_on`) REFERENCES `AddOn` (`id_add_on`),
  CONSTRAINT `Caption_ibfk_2` FOREIGN KEY (`urutan_pengiriman`, `id_room_chat`, `id_user`) REFERENCES `Konten` (`urutan_pengiriman`, `id_room_chat`, `id_user`)
) ENGINE=InnoDB DEFAULT CHARSET=utf8mb4 COLLATE=utf8mb4_uca1400_ai_ci;
/*!40101 SET character_set_client = @saved_cs_client */;

--
-- Dumping data for table `Caption`
--

LOCK TABLES `Caption` WRITE;
/*!40000 ALTER TABLE `Caption` DISABLE KEYS */;
INSERT INTO `Caption` VALUES (1,1,16,2,'Open Sans','テント倫理倫理オークション狐販売尿。バーゲン花嫁は主人。彼女脊椎バナー欠乏柔らかい。カラムコピーノート学生ベルベットあなた自身月。\nフェミニスト助けてリハビリ見出し建築織る数字クール。管理する陶器ダニ君は部隊。電話埋め込む憲法ブレーキニュース。\n怒り叔父舗装鉱山尊敬する持つ。彼持ってる奨励しますクロスソース持ってる。\n装置インチ意図衝突。トリビュート仕上げ今日葉バスシュガー。'),(1,1,44,12,'Fira Sans','Wide table remain tax bring baby. Owner share in same raise term whom tough.\nShoulder available test they analysis. Piece American end reality some indicate talk executive.'),(1,2,37,14,'Arial','Always point different let far store very. Build human policy through particularly bank according. Remain tell maybe employee first spring say.'),(1,2,37,15,'Fira Sans','System under age. Say true personal material. Child song left option protect image total institution.'),(1,2,39,4,'Roboto','Think politics fall lay special according themselves. Their know test.\nSpecific enough cut gun. Woman cause against law.'),(1,2,41,3,'Lato','Rise total attention owner matter expert give. Somebody particularly develop think. Newspaper walk amount once.\nFinal natural visit rich. Rate wait carry throughout. Small side along chair.'),(1,2,41,10,'Arial','Wonder region collection find thing must attention. Clear majority long poor including rise. Back strong evening address.\nTrip probably together weight. Explain town Republican.'),(1,2,48,1,'Roboto','本質的な反射符号教授厳しい。キャビン私通行料金感謝する癌省略午前。電話販売コーラス虐待デッドソース。\nコピー腐ったバケツ。ピック探査賞賛するサラダ試してみるログデッドあなた自身。\n行進式運マリン軸ホイールログ。フェミニスト必要評議会日曜日午前通行料金ジャム。\nテントリンク同行持つ極端な出演者。中央アクセルペダルマリンコーラス創傷必要。参加するリニアヒット出演者戦略的。'),(1,3,5,10,'Montserrat','Sense look only school. Save none star person save buy. Tell special detail issue.\nThese process fine today effect. Chance treatment Democrat professional head land certainly.'),(1,3,16,2,'Open Sans','不自然な仕上げ教授テント。シェービングメニュー極端なチーズマリンブラケット探査。\n人形協力フレーム。叔父憲法欠乏試してみる分割鉱山鉱山。\nブランチ必要月式証言する敵欠乏。意図ヒールスマッシュ同行。高いタワー感謝する改善ストレージ狭い。あった省略建築は。\nトレーナーインチ催眠術。楽しんで分割改善。\n奨励しますコーラスバスケットパン器官。文言改善花嫁奨励します叔父中央。編組ダッシュささやき。'),(1,3,23,2,'Noto Sans','Quaerat iure alias odit quam. Consectetur eius sunt fuga. Sed magnam earum quas at culpa.\nExercitationem suscipit sed quia inventore. Veniam tempore quam assumenda eum dolore.'),(1,3,44,12,'Helvetica','教授あなた自身ダッシュ革新意図。野球トースト人形彼女。奨励しますコンペソース虐待花嫁癌主婦。\n運ピック柔らかい隠すリニア。試してみる改善試してみる意図運保証金。見落とすリフト意図。\nボトル目的再現する。\n憲法敵今今日特徴。\nあったベルベットコミュニケーション野球明らかにする。埋め込む残るインチストレージ今錯覚明らかにする。トリビュート暖かいヘア敵対的な。'),(1,4,39,4,'Arial','保証金トリビュートブレーキ移動評議会風景コピークール。極端な建築リンク状況。知覚尊敬するバケツ狐。\n索引細かい風景。\n教授見出し差別するコミュニケーション転倒倫理フレーム。協力探査参加する錯覚ジャーナルトースト血まみれの癌。ヘア評議会私不自然なサワー風景プラスチック。\nデッド血まみれのブランチ。トスノート隠す改善軸ジャム供給。血まみれの改善改善ピック風景ブレーキシュガー。連続ヒット今日。'),(1,5,18,18,'Helvetica','指名舗装ニュース装置ブラケット学生サワー。ピック試してみる細かい高いは柔らかいコーナー。\nストレージ器官建築バス自体ベルベット近代化する。サワーストレージ君はスペル感謝する参加する君は。\n転倒サンプル私バス尊敬する。鉱山パン再現するチーズ。溝電池ニュース奨励します彼中世。\nサワー評議会今日。供給行進催眠術持ってる。'),(2,1,12,17,'Fira Sans','Friend situation modern step peace. Window leave provide market your Republican of catch. More approach tree capital sport authority instead.'),(2,1,13,8,'Open Sans','Mission what seem. Subject similar than total particular system under husband. Huge purpose despite possible contain suddenly happen.'),(2,1,16,2,'Fira Sans','月プラスチックバーゲンジャーナル犯罪者創傷トーン極端な。ブラケットノートサラダ今隠す販売。トリビュート溝パーセント発生するクール血まみれの。\nコンペ彼パイオニア画面。装置ハンマー文言試してみる再現する見落とす管理する中央。\n呼ぶフェミニストダッシュ行進目的倫理状況。奨励しますスペル同行極端な部隊呼ぶ。血まみれの品質パイオニアパンニュースジャーナルベルベット。'),(2,2,37,15,'Roboto','サワー合計敵今日。柔らかいキャビンフェミニスト。\n学生助けて見落とすノート持ってる。ジャム敵ヒット腐った見落とす彼コミュニケーション画面。同行ダニ私リフト虐待バナー編組。\n画面中央テント。デッド叔父革新。ボトルコミュニケーション倫理軸あなた自身ヘア。\n敵対的なトースト教授。じぶんのフレーム分割。\n特徴行進プラスチックトーストストレージ厳しいスキーム。それ供給怒り連続普通の教会擁する。'),(2,2,40,5,'Fira Sans','再現する供給教授。タワーチーズ障害花嫁残る持っていました。電話コミュニケーション管理する文言主婦感謝する。\nボトル狐花嫁戦略的。器官雪ヒット持ってる。倫理バスダッシュ舗装ソースクロスバスケット。\nサンプル欠乏君は教会。障害尊敬するスマッシュカレッジオークション叔父ジャム。ダニ電池風景器官。\n合計ハンマースマッシュキャビン。君はジャーナルじぶんの装置リフトフレーム。'),(2,3,5,10,'Lato','Point often dream rest. Wait voice will discussion option explain.\nOffer keep decide must east. Teacher rule pass recent so.'),(2,3,16,2,'Arial','Mollitia nulla provident aperiam. Sed nemo dolorem aliquam vero tenetur ipsam nihil. Odio maiores earum.'),(2,3,37,6,'Noto Sans','Quos nesciunt animi deleniti. Laudantium veniam nobis iste ipsam.\nMaiores vero adipisci soluta nemo quas. Impedit in incidunt facere.'),(2,3,48,6,'Noto Sans','Whether describe loss word parent paper cell. Push process strategy.\nMarriage debate executive year. Ok law sign finally.'),(2,4,12,17,'Arial','Either know ten side morning. Which speak center again bag audience.\nThen resource product chance draw with machine. Seek eight better property management.'),(2,4,37,6,'Arial','リハビリ細かい怒りリフト主人部隊分割。\n革新式敵対的なチーズ。リニア脊椎明らかにするハードウェア。副ノートログ。\n腐った癌リニア。主婦彼見落とす編組チーズ。呼ぶあなた自身協力シュガーヘアカラム雪。\n意図品質叔父トス移動サラダ差別する。発生する敵ピック人形トリビュート供給。仕上げ尿出演者。\n見出しあなた自身助けてサラダ。陶器編組障害ホイール。'),(2,4,39,4,'Helvetica','持つ出演者溝。\nジャーナルボトルコピーボトル。腐ったカラム画面今癌バーゲン。中世陶器スキーム動物持っていました感謝するフェミニスト。\nパイオニア販売プラスチックアクセルペダル必要ストレージ。スマッシュ文言欠乏叔父数字偏差本質的な風景。\nフレーム風景暖かい。協力衝突シュガー部隊ヒール。尊敬するコーナー織るログリハビリデッド発生する。'),(2,5,19,9,'Arial','特徴奨励しますボトル倫理。デッド午前厳しいジャーナル。\nタワーリフト主人近代化するテント血まみれの転倒。クール屋根裏柔らかい数字今屋根裏。緩む尊敬する同行創傷スペル管理する数字。\n自体トースト敵対的なニュース管理する式。軸試してみるニュース拡張学生サラダ。\nトーン証言するタワー憲法。数字偏差メニューベルベット行進。暖かい埋め込むブランチ。'),(3,1,13,8,'Poppins','Est debitis tempore quo. Sed reiciendis nam odit magni quasi. Temporibus ab hic laudantium.\nIste dolorem officia autem. Recusandae corrupti temporibus officia.'),(3,2,37,15,'Noto Sans','Suscipit ducimus repellat dignissimos nihil maxime. Vitae molestiae accusamus officiis praesentium. Velit quia libero laborum corporis.'),(3,3,16,2,'Fira Sans','Pass network maybe painting serious both. White south concern tell arm treatment first nation. Arrive store enjoy west picture produce market great.'),(3,5,18,18,'Noto Sans','障害あった今探査偏差厳しい。デフォルト器官プラスチックバケツ動物改善建築。感謝するじぶんのトス部隊敵対的な証言する保証金。\n中央あなた自身主人文言。憲法衝突明らかにする。副敵ボトルあなた自身ブラケット転倒。\nバケツじぶんの中世午前あった。ストレージハードウェアカラムじぶんの必要あなた自身彼。\nデフォルト狭い装置あったストレージ敵対的な。尊敬するホイールない反射大統領省略革新。'),(3,5,19,9,'Fira Sans','Score contain minute school.\nCarry partner which bag. South evening should threat boy Republican. Specific trip finally poor protect.\nInterest their agent rock share. Court apply know page.');
/*!40000 ALTER TABLE `Caption` ENABLE KEYS */;
UNLOCK TABLES;

--
-- Table structure for table `Chat`
--

DROP TABLE IF EXISTS `Chat`;
/*!40101 SET @saved_cs_client     = @@character_set_client */;
/*!50503 SET character_set_client = utf8mb4 */;
CREATE TABLE `Chat` (
  `urutan_pengiriman` int(11) NOT NULL,
  `id_room_chat` int(11) NOT NULL,
  `id_user` int(11) NOT NULL,
  `isi_pesan` text DEFAULT NULL,
  PRIMARY KEY (`urutan_pengiriman`,`id_room_chat`,`id_user`),
  CONSTRAINT `Chat_ibfk_1` FOREIGN KEY (`urutan_pengiriman`, `id_room_chat`, `id_user`) REFERENCES `Konten` (`urutan_pengiriman`, `id_room_chat`, `id_user`)
) ENGINE=InnoDB DEFAULT CHARSET=utf8mb4 COLLATE=utf8mb4_uca1400_ai_ci;
/*!40101 SET character_set_client = @saved_cs_client */;

--
-- Dumping data for table `Chat`
--

LOCK TABLES `Chat` WRITE;
/*!40000 ALTER TABLE `Chat` DISABLE KEYS */;
INSERT INTO `Chat` VALUES (1,1,15,'細かい近代化するコーラスダッシュパン持つ。数字コンペ数字コミュニケーション合計。マリン脊椎主婦コーラス部隊デッド陶器合計。立派な見落とすクロス織るデッド。\n主婦保証金革新電話デッドタワー仕上げ。協力狐障害発生するクール不自然な彼女。欠乏建築自体トリビュートヘアブラケットそれ舗装。\nコーナークールシェービング。花嫁敵戦略的コミュニケーション文言編組バケツ。\n見出しクール狐リンク。'),(1,5,4,'Whom station hard blue me save. And change find break common scene. First leg nature near father feel. Technology cultural suffer.'),(1,5,5,'器官コンペ催眠術午前。障害トスハンマーじぶんのバスケット見出し。差別する残る副副同行教授。主婦ストレージ脊椎ホイール分割部隊仕上げ。\nノートソースカラム証言する奨励しますニュース。差別するニュース参加するコーラスリニア。\nテント彼女敵対的なトスじぶんのダニ。追放する擁する転倒陶器擁する。\nクルー賞賛する証言する普通のハードウェア感謝する尿試してみる。スキーム行進同行仕上げベルベット式暖かい。'),(1,5,7,'Debitis saepe exercitationem quia quae architecto optio. Consectetur dolore tenetur nihil.\nIncidunt harum dignissimos quod. In cupiditate amet atque omnis.\nNostrum iste voluptate praesentium.'),(1,8,13,'Molestias ab adipisci voluptates ratione libero. Sint quibusdam voluptates hic. Reiciendis aspernatur doloremque distinctio.'),(1,10,8,'参加する文言転倒ヘア呼ぶ催眠術パイオニア犯罪者。じぶんの持っていました連続コーラス溝。\nクール織るオークション学生デッド緩む。フレーム再現する合計発生する溝コミュニケーションリンク。指名細かい仕上げ楽しんで。ダイヤモンドシュガー今日不自然なタワー。\n通行料金葉風景スキーム。\n販売運脊椎。供給今日風景プラスチック鉱山トレーナー屋根裏ダイヤモンド。パーセントボトルコミュニケーションそれチーズバナー。'),(1,13,18,'メニュー敵保証金シェービング。供給意図トスダイヤモンド擁する。\n呼ぶ普通の擁する画面ボトル。バス虐待ジャム擁する鉱山。\nクールベルベット極端なデフォルト私マリン。ハンマー式叔父行進大統領コンペ。中世立派なじぶんの副腐ったパイオニアジャム。\n君は分割コピー発生する極端な。目的出演者君は柔らかい敵。トーンない意図必要ホイールコーナー賞賛する。リハビリ彼スペルトーストクロス尿。'),(1,14,14,'Quos reprehenderit eligendi voluptatibus eveniet id doloribus. Repudiandae asperiores quod optio praesentium.'),(1,16,11,'ブレーキボトル午前陶器血まみれの。ハンマー血まみれの怒り午前。\nデフォルト創傷血まみれのパーセント索引。癌風景転倒管理する。\n人形学生奨励します編組柔らかいログ。分割出演者ダイヤモンド賞賛するストレージそれダッシュアクセルペダル。\n部隊協力大統領舗装。\nカレッジベルベット装置助けて拡張。評議会隠す省略画面拡張。ブラケットトーン移動ブラケット助けて。'),(1,18,18,'Cumque aliquid nihil animi velit. Aliquam soluta dicta necessitatibus impedit architecto.\nOdit labore nemo. Sunt fuga illum cumque.'),(1,19,9,'Incidunt eius ducimus a. Eos reprehenderit iste reprehenderit esse alias laborum iure. Harum recusandae amet odit perspiciatis.'),(1,23,7,'リハビリ血まみれの人形明らかにする符号ソース午前。参加する織るインチ厳しい出演者保持する。意図衝突参加するノートクロス舗装バーゲン。\nベルベットメニューバスコーナートリビュートデッド。ハードウェア午前差別する式舗装コーラスプラスチック革新。\nダニシュガー画面サワー日曜日花嫁パン。協力風景カレッジ差別する。供給ダイヤモンド溝偏差品質。'),(1,23,8,'Reprehenderit quis iure autem aspernatur possimus. Fugiat totam facilis. Atque eveniet quod in magnam laudantium earum.'),(1,36,13,'Present without word wonder practice affect. Hair show leg material these. Phone happen add lay.\nBuild share government nation soldier marriage. Still between include three way heavy say.'),(1,37,6,'Tempora similique non. Laborum magni doloribus officia omnis excepturi.\nAmet eaque vero voluptas pariatur tenetur. Doloremque itaque officia pariatur vero.'),(1,39,3,'Praesentium est nemo. Nesciunt ipsa quia veniam.'),(1,39,4,'スキーム追放する創傷同行動物。ニュース彼女学生保持するあった。\n編組部隊必要月大統領器官織る。欠乏錯覚ヒール品質装置細かいヒール。\n錯覚カラム試してみる改善供給デッド。\nじぶんのトレーナー文言近代化するアクセルペダル尿キャビン。チーズ障害仕上げログトーン。\nメニューコンペ障害緩む。月見出し管理するは。追放する出演者自体キャビン意図。'),(1,39,5,'必要見落とす障害錯覚。式ベルベット式トレーナー。\n敵対的なアクセルペダルクロスヒットコピー。トスサラダ持つデッドログ叔父。\n保証金ダイヤモンド日曜日舗装販売タワー。ストレージサワー品質オークションヒットあなた自身保持する。\nアクセルペダルハードウェア織る保持する溝厳しい。\nボトルハードウェア行進アクセルペダルコミュニケーション仕上げ行進。供給犯罪者チーズは供給フェミニスト敵対的な。創傷学生彼女。'),(1,40,5,'Compare common Democrat floor right. Blue themselves Mrs growth sort base.\nMarket fly budget grow month suffer.'),(1,41,3,'普通の目的再現する野球。学生ピック必要カラム欠乏。ニュース楽しんで目的戦略的ハードウェア。\n倫理ない数字目的オークションパン。細かい助けて編組主婦画面。野球障害腐った移動。\nパントス癌インチ午前ソースバスケット。君は装置装置フェミニスト学生仕上げ人形擁する。\nバケツ装置差別する大統領緩む柔らかい催眠術。ジャム発生する中央あった緩むカレッジ。近代化する通行料金明らかにするピック特徴。'),(1,41,4,'Earum ratione recusandae iste perferendis dicta. Officiis incidunt asperiores aliquid delectus. Ratione blanditiis provident deleniti non quam.'),(1,41,10,'Week north situation fly decade we. Possible seven fish as. Control only world market artist arm service.'),(1,48,1,'差別するバーゲン明らかにする。\n風景衝突スキームスマッシュ楽しんでタワー。雪フレーム本質的なトリビュート見落とす午前参加する。\n錯覚暖かい賞賛するジャーナル装置画面。オークションフェミニスト叔父プラスチック電池。\n編組パン意図不自然な。彼隠す戦略的ハンマー。\n犯罪者尿インチ感謝する。\nささやき憲法建築あったは。画面狭いバーゲントースト移動。装置省略状況ジャム緩むそれ。'),(1,50,4,'Velit iste dolorem. Placeat officiis in tempore. Qui laboriosam ipsa dignissimos harum.\nSoluta reiciendis accusamus ipsum nesciunt. Qui labore quia. Amet esse exercitationem asperiores.'),(2,5,7,'Today several up film nearly. Special consider base environment so name so.\nWest letter condition anything attorney tend. Lose truth reflect watch tough recently. Traditional not as war plant energy.'),(2,5,10,'風景コーナー供給協力動物クルー憲法。野球戦略的式織る。\n保持するブラケットじぶんの電話。障害ニュース狭い。チーズ緩む癌近代化する暖かい残る。\nクール衝突中央ハンマーブレーキ知覚。立派な革新トーストあった人形助けてヘア鉱山。\nバナートリビュート探査タワー。花嫁近代化する拡張トスストレージ持ってる。残るコミュニティブラケットトーン催眠術テント偏差。'),(2,5,17,'Error porro nam nobis alias. Sapiente labore deleniti placeat. Quos mollitia deleniti impedit.'),(2,10,8,'緩む緩むテント野球舗装ブレーキリニア。ジャム高いリンク教会式。\nコーラス立派なプラスチック賞賛する。じぶんのボトル鉱山ログタワー省略極端な省略。あなた自身サラダサラダ脊椎スマッシュ。脊椎狭い自体雪出演者。\n今月建築転倒。ハンマー明らかにするシェービング自体主婦オークションバケツ。主人明らかにする改善ブレーキ。フェミニスト腐った省略クール主婦。'),(2,12,17,'装置自体ログ君は賞賛するリニア午前運。楽しんでニュース建築は。不自然な教授コーラス知覚。\nストレージ持つクロス狭い。欠乏装置知覚改善。\n協力評議会器官学生電話。血まみれの知覚保証金パイオニア。\nパイオニアリンククール目的ニュース発生する。ログ電話擁する文言符号連続。\n腐った品質カレッジコーラス。軸バーゲン主人狐。今本質的な明らかにする近代化する供給クール。'),(2,14,14,'Corrupti quo voluptatem sint dicta suscipit. Aut repellendus natus amet magnam.'),(2,16,2,'Reprehenderit temporibus soluta natus minima corporis quaerat. Facere rerum officia corporis quod doloribus magnam. Doloribus vel mollitia deserunt.'),(2,18,18,'Spring include expert myself. Use office simple score.'),(2,19,9,'Repudiandae fugiat facilis dolor placeat nesciunt provident adipisci. Iste magni dicta necessitatibus laborum.'),(2,23,2,'器官インチ電池スキームサラダ同行緩む。ソース電池リニア雪トスブラケット。ジャーナル主人尿行進参加する。リンクサンプルトーン明らかにする探査持ってる。\nソース中世アクセルペダルヒール。尿バケツ怒りキャビン。\n指名分割編組屋根裏。織るヒールないコンペクロス自体暖かい試してみる。今ベルベット助けて電池私舗装。カレッジダニ彼評議会コンペ。\n午前コミュニケーション催眠術鉱山サンプルコンペ普通の屋根裏。'),(2,23,7,'Ipsa necessitatibus nobis repudiandae. Perspiciatis laboriosam id voluptas maxime. Expedita neque impedit laudantium cumque tenetur.'),(2,37,6,'Party relate occur industry early hour. Dinner blue trip.'),(2,44,12,'Corrupti mollitia occaecati ad porro illum. Nemo alias ipsam occaecati.\nLabore neque sunt expedita. Quam qui quam autem nesciunt.'),(2,48,6,'トスヒットログ暖かい仕上げ倫理極端な。証言するタワー合計保持する。行進ログ本質的な楽しんで器官部隊デッド。ブラケット試してみるデッド緩むコピーバス革新。\nコーナー葉憲法欠乏コミュニケーション意図再現する。\n追放する午前分割見落とすブランチ偏差。自体クルーアクセルペダルカレッジ感謝する。は緩む細かいブラケット織る器官暖かい。'),(2,50,4,'Harum hic mollitia tempore culpa ratione. Saepe deleniti occaecati porro repellendus officiis tenetur tempora. Quos tempora recusandae doloremque architecto magni autem.'),(3,5,7,'Board staff choice firm. Past fast lawyer. American national get draw idea first evening.'),(3,12,17,'Qui culpa sequi molestias inventore est. Eos eligendi perspiciatis.'),(3,18,18,'Autem repellendus dolores temporibus corrupti asperiores officia. Repudiandae quis expedita corrupti fugit fugiat placeat.\nError minus ratione nisi. Enim corrupti delectus explicabo.'),(3,19,9,'Body smile describe by matter.\nFinish allow any.\nOffice education clear recently best husband.\nClose large father economic feeling cut show minute. Style us same institution without say.'),(3,23,7,'管理する通行料金カラムダッシュ中世装置奨励します。今日舗装助けてマリン。\n行進バスケット探査プラスチック。感謝する陶器尊敬する君は今ブラケット。\n錯覚学生リニア職人クルー大統領感謝する。探査スキーム差別するジャムベルベットトースト。\nキャビネット保証金ノート午前リハビリ細かい評議会。催眠術偏差ブラケットダニ。'),(3,36,13,'パイオニア腐った奨励します拡張チーズ近代化するバス。コンペ同行拡張バーゲンじぶんの日曜日。\n緩む腐った器官フェミニスト文言ピック錯覚今。屋根裏数字テントパイオニア行進出演者狭い。尿ヒールダニ高いキャビンハンマー。\nジャーナルキャビネット副。スペルトーン移動教授ダッシュ移動式。\n不自然な脊椎今デッドコンペ。憲法フレーム創傷は。コーラスジャム高い賞賛する装置野球。'),(3,37,14,'コミュニティソースログ編組ヘア。バーゲンブラケット持っていました教授狭いピック。クール尊敬する参加する狐彼女出演者細かい。\n偏差コーラス本質的なシュガークール軸狐。擁するボトル立派な日曜日ブランチ。部隊差別するリハビリそれ錯覚。脊椎は尊敬する移動。\n証言するヒール再現するノート日曜日チーズ。創傷保持するキャビン。\nスマッシュ販売出演者行進。癌ささやき細かい柔らかい電池狐。脊椎衝突主人主婦。'),(3,39,4,'Veritatis eligendi aliquid porro dicta voluptates accusantium. A voluptatibus at eaque.'),(3,40,5,'Cum deleniti deleniti aspernatur laboriosam modi ratione. Ad at sit deleniti. Dolorem esse occaecati magni consequatur.\nNemo facilis ab accusamus amet. Aliquam ipsam non consectetur quisquam.'),(3,41,3,'状況埋め込むスマッシュブランチ。コピー反射知覚不自然な持ってる近代化する教授分割。\nバーゲン野球障害コピー部隊明らかにする。見落とす持つ中世建築反射販売。差別する再現する探査学生敵対的な彼プラスチック。\n障害スペル普通のニュース差別するパン式。ニュース軸式。\n彼女テント野球デッド電池。キャビネット索引尿分割。\nハードウェアハンマーログ行進持つ脊椎状況。ダニコーナーハードウェア拡張あった。'),(4,5,10,'Baby fill item peace story other effect air. Offer medical simple official.\nPolicy open amount quite three cut five. Hand career summer know. Factor politics thing good sense cut recent.'),(4,16,2,'Environmental tonight process own. Wish color poor detail soon why can garden.\nHeart certain couple court. Window responsibility affect movement own among local.'),(4,18,18,'Cumque placeat earum nisi earum. Labore amet sit reiciendis inventore minima.\nReiciendis molestias illum. Sit at dicta natus aut provident assumenda. Iste nisi necessitatibus molestias.'),(4,19,9,'移動シェービングベルベットブラケットヒール虐待。ダイヤモンド花嫁教会保証金彼ホイール。\n近代化する日曜日タワー憲法デフォルト。主人コンペ敵対的な装置ホイール。\n高い試してみる衝突細かい緩むクール。風景彼女リハビリ目的ホイール同行。チーズ楽しんで連続コミュニケーションブラケット君は。革新デフォルトノート合計午前尿意図。\nカレッジ極端な創傷式癌スペルインチ。バスケット保証金じぶんのオークション。'),(4,23,2,'Quod dignissimos accusamus veniam minima. Provident similique veniam. Necessitatibus consectetur repellat aliquid.'),(4,23,7,'Necessitatibus nulla eum cum. Cumque non deleniti amet iste exercitationem libero fugiat. Ullam officiis odio.'),(4,36,13,'装置織る建築明らかにする明らかにする花嫁。犯罪者擁するコミュニティスペルフェミニストログ。フレーム動物合計リハビリ欠乏電話持っていました。\n軸助けて鉱山。月彼女舗装学生仕上げパンタワー。\nサンプルパーセント見出しヘア大統領午前ダニ。パイオニアクロス符号楽しんで移動。\nシェービング転倒知覚。発生するスマッシュ部隊教授パイオニアクルー。'),(4,37,14,'Eius nemo est ipsum at illo. Rerum laborum vero dignissimos voluptas cupiditate cumque.\nNesciunt incidunt deserunt dolorum maxime. Voluptatibus nisi doloremque enim provident.'),(4,48,6,'Heavy financial student throw. Oil claim particular. Her entire effect take effect number story between.'),(5,16,2,'品質コーナーそれ虐待あった。装置腐ったコピー器官。持っていました奨励します評議会タワーささやき陶器リハビリ。\nホイール憲法管理するスペルトレーナー癌。画面コンペ状況。\nささやき状況品質野球ダッシュ。\n普通の特徴デッドないヒットブラケット。緩む怒り探査戦略的動物参加する。\nバスケット今日今日数字必要は極端な。'),(5,36,13,'Lot left with let family owner deal.\nSummer about happen change. Body control oil crime cell. Chance wish sit maintain build.');
/*!40000 ALTER TABLE `Chat` ENABLE KEYS */;
UNLOCK TABLES;

--
-- Table structure for table `Image`
--

DROP TABLE IF EXISTS `Image`;
/*!40101 SET @saved_cs_client     = @@character_set_client */;
/*!50503 SET character_set_client = utf8mb4 */;
CREATE TABLE `Image` (
  `id_add_on` int(11) NOT NULL,
  `urutan_pengiriman` int(11) NOT NULL,
  `id_room_chat` int(11) NOT NULL,
  `id_user` int(11) NOT NULL,
  `nama_image` varchar(100) DEFAULT NULL,
  PRIMARY KEY (`id_add_on`,`urutan_pengiriman`,`id_room_chat`,`id_user`),
  KEY `urutan_pengiriman` (`urutan_pengiriman`,`id_room_chat`,`id_user`),
  CONSTRAINT `Image_ibfk_1` FOREIGN KEY (`id_add_on`) REFERENCES `AddOn` (`id_add_on`),
  CONSTRAINT `Image_ibfk_2` FOREIGN KEY (`urutan_pengiriman`, `id_room_chat`, `id_user`) REFERENCES `Konten` (`urutan_pengiriman`, `id_room_chat`, `id_user`)
) ENGINE=InnoDB DEFAULT CHARSET=utf8mb4 COLLATE=utf8mb4_uca1400_ai_ci;
/*!40101 SET character_set_client = @saved_cs_client */;

--
-- Dumping data for table `Image`
--

LOCK TABLES `Image` WRITE;
/*!40000 ALTER TABLE `Image` DISABLE KEYS */;
INSERT INTO `Image` VALUES (1,1,5,10,'https://placekitten.com/640/480'),(1,1,12,17,'https://placekitten.com/640/480'),(1,1,13,8,'https://dummyimage.com/640x480'),(1,1,23,2,'https://dummyimage.com/640x480'),(1,1,40,6,'https://dummyimage.com/640x480'),(1,1,48,6,'https://placekitten.com/640/480'),(1,2,8,13,'https://dummyimage.com/640x480'),(1,2,40,5,'https://dummyimage.com/640x480'),(1,3,14,14,'https://picsum.photos/640/480'),(1,3,37,6,'https://placekitten.com/640/480'),(1,3,48,6,'https://placekitten.com/640/480'),(1,4,12,17,'https://dummyimage.com/640x480'),(1,4,37,6,'https://dummyimage.com/640x480'),(1,4,44,12,'https://dummyimage.com/640x480'),(1,5,19,9,'https://dummyimage.com/640x480'),(2,1,23,2,'https://picsum.photos/640/480'),(2,1,40,6,'https://placekitten.com/640/480'),(2,1,48,6,'https://placekitten.com/640/480'),(2,2,41,10,'https://placekitten.com/640/480'),(2,2,48,1,'https://dummyimage.com/640x480'),(2,3,14,14,'https://placekitten.com/640/480'),(2,3,23,2,'https://picsum.photos/640/480'),(2,5,18,18,'https://placekitten.com/640/480'),(3,2,40,5,'https://dummyimage.com/640x480'),(3,2,41,10,'https://placekitten.com/640/480'),(3,3,23,2,'https://dummyimage.com/640x480'),(3,3,37,6,'https://placekitten.com/640/480'),(3,4,12,17,'https://placekitten.com/640/480'),(3,4,37,6,'https://placekitten.com/640/480');
/*!40000 ALTER TABLE `Image` ENABLE KEYS */;
UNLOCK TABLES;

--
-- Table structure for table `Konten`
--

DROP TABLE IF EXISTS `Konten`;
/*!40101 SET @saved_cs_client     = @@character_set_client */;
/*!50503 SET character_set_client = utf8mb4 */;
CREATE TABLE `Konten` (
  `urutan_pengiriman` int(11) NOT NULL,
  `id_room_chat` int(11) NOT NULL,
  `id_user` int(11) NOT NULL,
  `waktu_pengiriman` timestamp NOT NULL,
  `tipe_konten` varchar(100) DEFAULT NULL,
  `disimpan` tinyint(1) DEFAULT NULL CHECK (`disimpan` in (0,1)),
  PRIMARY KEY (`urutan_pengiriman`,`id_room_chat`,`id_user`),
  KEY `id_room_chat` (`id_room_chat`),
  KEY `id_user` (`id_user`),
  CONSTRAINT `Konten_ibfk_1` FOREIGN KEY (`id_room_chat`) REFERENCES `RoomChat` (`id_room_chat`),
  CONSTRAINT `Konten_ibfk_2` FOREIGN KEY (`id_user`) REFERENCES `Pengguna` (`id_user`)
) ENGINE=InnoDB DEFAULT CHARSET=utf8mb4 COLLATE=utf8mb4_uca1400_ai_ci;
/*!40101 SET character_set_client = @saved_cs_client */;

--
-- Dumping data for table `Konten`
--

LOCK TABLES `Konten` WRITE;
/*!40000 ALTER TABLE `Konten` DISABLE KEYS */;
INSERT INTO `Konten` VALUES (1,1,15,'2025-05-07 00:00:00','chat',0),(1,5,4,'2025-05-10 00:00:00','chat',0),(1,5,5,'2025-05-06 00:00:00','chat',0),(1,5,7,'2025-05-11 00:00:00','chat',0),(1,5,10,'2025-05-03 00:00:00','pap',1),(1,5,17,'2025-04-30 00:00:00','pap',0),(1,8,13,'2025-03-13 00:00:00','chat',1),(1,10,8,'2025-05-04 00:00:00','chat',0),(1,12,17,'2025-03-05 00:00:00','pap',0),(1,13,8,'2025-05-13 00:00:00','pap',0),(1,13,18,'2025-03-17 00:00:00','chat',0),(1,14,14,'2025-02-10 00:00:00','chat',1),(1,16,2,'2025-03-23 00:00:00','pap',1),(1,16,11,'2025-02-21 00:00:00','chat',0),(1,18,18,'2025-04-26 00:00:00','chat',0),(1,19,9,'2025-01-05 00:00:00','chat',1),(1,23,2,'2025-03-19 00:00:00','pap',1),(1,23,7,'2025-04-28 00:00:00','chat',1),(1,23,8,'2025-04-17 00:00:00','chat',1),(1,32,10,'2025-05-08 00:00:00','pap',1),(1,36,13,'2025-01-29 00:00:00','chat',0),(1,37,6,'2024-07-26 00:00:00','chat',0),(1,37,14,'2025-01-28 00:00:00','pap',0),(1,37,15,'2025-04-08 00:00:00','pap',0),(1,39,3,'2025-05-14 00:00:00','chat',0),(1,39,4,'2025-05-14 00:00:00','chat',1),(1,39,5,'2025-05-14 00:00:00','chat',0),(1,40,5,'2025-05-15 00:00:00','chat',1),(1,40,6,'2025-05-13 00:00:00','pap',1),(1,41,3,'2025-05-15 00:00:00','chat',0),(1,41,4,'2025-05-15 00:00:00','chat',1),(1,41,10,'2025-05-10 00:00:00','chat',0),(1,43,1,'2025-05-14 00:00:00','pap',1),(1,44,12,'2023-12-01 00:00:00','pap',0),(1,48,1,'2024-12-25 00:00:00','chat',1),(1,48,6,'2024-08-18 00:00:00','pap',1),(1,50,4,'2025-05-08 00:00:00','chat',0),(2,5,7,'2025-05-06 00:00:00','chat',1),(2,5,10,'2025-04-26 00:00:00','chat',1),(2,5,17,'2025-05-06 00:00:00','chat',1),(2,8,13,'2025-04-02 00:00:00','pap',1),(2,10,8,'2025-05-11 00:00:00','chat',1),(2,12,17,'2025-01-25 00:00:00','chat',1),(2,14,14,'2025-03-12 00:00:00','chat',1),(2,16,2,'2025-01-29 00:00:00','chat',0),(2,18,18,'2025-04-30 00:00:00','chat',0),(2,19,9,'2024-11-18 00:00:00','chat',1),(2,23,2,'2025-04-29 00:00:00','chat',1),(2,23,7,'2025-03-07 00:00:00','chat',0),(2,23,8,'2025-03-18 00:00:00','pap',0),(2,36,13,'2025-03-25 00:00:00','pap',1),(2,37,6,'2024-08-06 00:00:00','chat',0),(2,37,14,'2024-06-28 00:00:00','pap',0),(2,37,15,'2024-11-10 00:00:00','pap',1),(2,39,4,'2025-05-14 00:00:00','pap',0),(2,40,5,'2025-05-15 00:00:00','pap',1),(2,41,3,'2025-05-15 00:00:00','pap',1),(2,41,4,'2025-05-15 00:00:00','pap',1),(2,41,10,'2025-05-10 00:00:00','pap',1),(2,44,12,'2025-04-13 00:00:00','chat',0),(2,48,1,'2024-12-25 00:00:00','pap',1),(2,48,6,'2024-12-20 00:00:00','chat',0),(2,50,4,'2025-02-11 00:00:00','chat',0),(3,5,7,'2025-05-14 00:00:00','chat',0),(3,5,10,'2025-04-23 00:00:00','pap',0),(3,12,17,'2025-04-24 00:00:00','chat',0),(3,14,14,'2025-04-13 00:00:00','pap',1),(3,16,2,'2025-03-19 00:00:00','pap',1),(3,18,18,'2025-04-28 00:00:00','chat',0),(3,19,9,'2024-07-04 00:00:00','chat',0),(3,23,2,'2025-04-05 00:00:00','pap',1),(3,23,7,'2025-03-15 00:00:00','chat',1),(3,36,13,'2025-01-31 00:00:00','chat',0),(3,37,6,'2025-03-31 00:00:00','pap',0),(3,37,14,'2024-10-27 00:00:00','chat',1),(3,39,4,'2025-05-15 00:00:00','chat',1),(3,40,5,'2025-05-15 00:00:00','chat',0),(3,41,3,'2025-05-15 00:00:00','chat',0),(3,44,12,'2023-10-10 00:00:00','pap',1),(3,48,1,'2024-11-05 00:00:00','pap',1),(3,48,6,'2024-08-19 00:00:00','pap',1),(4,5,10,'2025-05-03 00:00:00','chat',0),(4,12,17,'2025-04-08 00:00:00','pap',0),(4,16,2,'2025-04-27 00:00:00','chat',0),(4,18,18,'2025-05-15 00:00:00','chat',1),(4,19,9,'2024-10-26 00:00:00','chat',1),(4,23,2,'2025-04-06 00:00:00','chat',0),(4,23,7,'2025-04-28 00:00:00','chat',1),(4,36,13,'2025-01-09 00:00:00','chat',0),(4,37,6,'2025-01-20 00:00:00','pap',1),(4,37,14,'2025-02-09 00:00:00','chat',1),(4,39,4,'2025-05-15 00:00:00','pap',0),(4,40,5,'2025-05-15 00:00:00','pap',0),(4,44,12,'2024-06-20 00:00:00','pap',0),(4,48,6,'2025-04-10 00:00:00','chat',1),(5,16,2,'2025-04-06 00:00:00','chat',0),(5,18,18,'2025-04-18 00:00:00','pap',0),(5,19,9,'2024-05-15 00:00:00','pap',0),(5,36,13,'2025-03-30 00:00:00','chat',1),(5,44,12,'2025-01-22 00:00:00','pap',0);
/*!40000 ALTER TABLE `Konten` ENABLE KEYS */;
UNLOCK TABLES;

--
-- Table structure for table `Lens`
--

DROP TABLE IF EXISTS `Lens`;
/*!40101 SET @saved_cs_client     = @@character_set_client */;
/*!50503 SET character_set_client = utf8mb4 */;
CREATE TABLE `Lens` (
  `id_lens` int(11) NOT NULL AUTO_INCREMENT,
  `id_user` int(11) NOT NULL,
  `nama_lens` varchar(100) DEFAULT NULL,
  `tanggal_rilis` date NOT NULL,
  PRIMARY KEY (`id_lens`),
  KEY `id_user` (`id_user`),
  CONSTRAINT `Lens_ibfk_1` FOREIGN KEY (`id_user`) REFERENCES `Pengguna` (`id_user`)
) ENGINE=InnoDB AUTO_INCREMENT=911 DEFAULT CHARSET=utf8mb4 COLLATE=utf8mb4_uca1400_ai_ci;
/*!40101 SET character_set_client = @saved_cs_client */;

--
-- Dumping data for table `Lens`
--

LOCK TABLES `Lens` WRITE;
/*!40000 ALTER TABLE `Lens` DISABLE KEYS */;
INSERT INTO `Lens` VALUES (1,1,'yourself','2023-12-19'),(2,1,'black','2023-07-07'),(3,1,'普通の','2023-11-28'),(4,1,'quidem','2023-11-08'),(5,1,'industry','2024-02-18'),(6,1,'asperiores','2024-11-28'),(7,1,'evening','2024-09-03'),(8,1,'perspiciatis','2024-05-16'),(9,1,'リフト','2024-01-23'),(10,1,'eveniet','2022-09-26'),(11,1,'dolorum','2024-09-28'),(12,1,'ability','2024-07-06'),(13,1,'スマッシュ','2024-03-20'),(14,1,'commodi','2024-09-16'),(15,1,'eius','2025-04-23'),(16,1,'Republican','2024-08-01'),(17,1,'dicta','2024-05-14'),(18,1,'感謝する','2022-12-20'),(19,1,'ago','2022-10-27'),(20,1,'point','2023-09-28'),(21,1,'賞賛する','2023-10-26'),(22,1,'audience','2023-08-31'),(23,1,'do','2024-09-03'),(24,1,'trade','2022-10-24'),(25,2,'細かい','2024-07-18'),(26,2,'data','2024-10-14'),(27,2,'middle','2024-07-03'),(28,2,'符号','2023-09-29'),(29,2,'パイオニア','2023-10-12'),(30,2,'theory','2025-04-08'),(31,2,'追放する','2024-10-25'),(32,2,'support','2024-12-10'),(33,3,'total','2025-05-07'),(34,3,'computer','2025-02-24'),(35,3,'fill','2025-04-08'),(36,3,'追放する','2025-05-15'),(37,3,'quaerat','2025-02-15'),(38,3,'another','2025-03-23'),(39,3,'dolorem','2025-02-17'),(40,3,'午前','2025-04-23'),(41,3,'合計','2025-02-18'),(42,3,'quis','2025-03-23'),(43,3,'atque','2025-04-24'),(44,3,'international','2025-04-03'),(45,3,'eaque','2025-03-12'),(46,3,'design','2025-03-11'),(47,3,'available','2025-05-03'),(48,3,'血まみれの','2025-03-31'),(49,3,'スペル','2025-02-24'),(50,3,'vel','2025-03-28'),(51,3,'日曜日','2025-03-09'),(52,3,'バナー','2025-03-31'),(53,3,'カレッジ','2025-03-13'),(54,4,'field','2025-03-19'),(55,4,'inventore','2025-01-20'),(56,4,'begin','2025-03-01'),(57,4,'late','2025-04-10'),(58,4,'for','2025-03-02'),(59,4,'隠す','2025-04-18'),(60,4,'speech','2025-05-10'),(61,4,'bar','2025-05-05'),(62,4,'品質','2025-04-01'),(63,4,'laudantium','2025-05-10'),(64,4,'born','2025-02-28'),(65,4,'サワー','2025-03-18'),(66,4,'インチ','2025-02-14'),(67,4,'type','2025-03-08'),(68,4,'hold','2025-01-13'),(69,4,'Mrs','2025-04-25'),(70,4,'供給','2025-05-04'),(71,4,'リフト','2025-01-12'),(72,4,'電池','2025-02-01'),(73,4,'quo','2025-05-11'),(74,4,'隠す','2025-04-10'),(75,4,'voluptas','2025-01-22'),(76,4,'kid','2025-02-01'),(77,4,'listen','2025-01-13'),(78,4,'eligendi','2025-01-26'),(79,4,'quae','2025-03-30'),(80,4,'industry','2025-04-14'),(81,4,'メニュー','2025-01-21'),(82,4,'敵対的な','2025-03-13'),(83,4,'unde','2025-02-26'),(84,4,'et','2025-02-27'),(85,4,'ジャーナル','2025-03-09'),(86,4,'candidate','2025-05-14'),(87,4,'創傷','2025-02-28'),(88,4,'with','2025-02-15'),(89,5,'電池','2025-03-07'),(90,5,'ullam','2025-05-05'),(91,5,'corrupti','2025-05-14'),(92,5,'person','2025-02-11'),(93,5,'seat','2025-04-04'),(94,5,'excepturi','2025-02-26'),(95,5,'トースト','2025-04-09'),(96,5,'growth','2025-04-28'),(97,5,'six','2025-04-30'),(98,5,'care','2025-03-06'),(99,5,'system','2025-02-27'),(100,5,'シュガー','2025-04-20'),(101,5,'lot','2025-02-16'),(102,5,'nisi','2025-04-18'),(103,5,'stop','2025-03-02'),(104,5,'拡張','2025-02-15'),(105,5,'from','2025-03-14'),(106,5,'asperiores','2025-04-18'),(107,5,'犯罪者','2025-02-28'),(108,5,'分割','2025-04-10'),(109,5,'accusamus','2025-04-03'),(110,5,'recent','2025-02-14'),(111,5,'numquam','2025-05-10'),(112,5,'maxime','2025-03-28'),(113,5,'スキーム','2025-03-05'),(114,5,'out','2025-03-26'),(115,6,'高い','2024-11-20'),(116,7,'change','2023-09-02'),(117,7,'repudiandae','2024-12-09'),(118,7,'呼ぶ','2025-05-10'),(119,7,'player','2024-11-25'),(120,7,'big','2023-10-31'),(121,7,'data','2024-01-07'),(122,7,'テント','2023-10-16'),(123,7,'more','2024-10-13'),(124,7,'est','2024-02-20'),(125,7,'パーセント','2025-02-05'),(126,7,'floor','2025-01-11'),(127,7,'iure','2024-09-29'),(128,7,'cum','2024-03-07'),(129,7,'デフォルト','2024-10-30'),(130,7,'enim','2024-02-08'),(131,7,'楽しんで','2024-08-08'),(132,7,'young','2023-12-03'),(133,7,'管理する','2023-11-29'),(134,7,'simply','2023-11-24'),(135,7,'quisquam','2024-12-21'),(136,7,'脊椎','2025-01-17'),(137,7,'リンク','2025-03-16'),(138,7,'value','2024-03-07'),(139,7,'中世','2023-07-30'),(140,7,'敵対的な','2025-02-03'),(141,7,'traditional','2023-10-04'),(142,7,'サンプル','2024-07-13'),(143,7,'sunt','2023-07-04'),(144,8,'販売','2025-04-10'),(145,8,'ブラケット','2023-02-17'),(146,8,'サラダ','2025-02-20'),(147,8,'衝突','2024-09-05'),(148,9,'aliquam','2024-06-22'),(149,9,'agency','2024-05-13'),(150,9,'ex','2024-10-22'),(151,9,'叔父','2025-05-12'),(152,10,'キャビン','2025-04-04'),(153,10,'accusantium','2025-01-14'),(154,10,'quasi','2025-03-15'),(155,10,'necessitatibus','2025-02-05'),(156,10,'while','2025-04-10'),(157,10,'デッド','2025-02-01'),(158,10,'試してみる','2025-03-10'),(159,10,'隠す','2025-02-15'),(160,10,'バスケット','2025-01-14'),(161,10,'雪','2025-05-15'),(162,10,'probably','2025-04-22'),(163,10,'error','2025-01-16'),(164,10,'adult','2025-02-22'),(165,10,'company','2025-02-26'),(166,10,'finally','2025-04-18'),(167,10,'ヒール','2025-03-24'),(168,10,'陶器','2025-02-06'),(169,10,'suscipit','2025-02-07'),(170,10,'dicta','2025-02-16'),(171,10,'中世','2025-03-13'),(172,10,'暖かい','2025-04-16'),(173,11,'nisi','2023-12-19'),(174,11,'agent','2024-04-04'),(175,11,'ea','2024-07-19'),(176,12,'particular','2024-10-22'),(177,12,'veniam','2023-12-08'),(178,12,'数字','2023-06-28'),(179,12,'end','2024-12-23'),(180,12,'inventore','2024-04-08'),(181,12,'marriage','2023-12-09'),(182,12,'accusamus','2024-04-24'),(183,12,'テント','2023-02-18'),(184,12,'easy','2024-06-28'),(185,12,'if','2024-09-15'),(186,12,'ex','2024-01-07'),(187,12,'fact','2024-11-15'),(188,12,'impedit','2024-10-29'),(189,12,'consequatur','2024-08-02'),(190,12,'中世','2023-04-02'),(191,12,'and','2024-05-24'),(192,12,'blood','2022-10-29'),(193,12,'追放する','2025-01-17'),(194,12,'fund','2022-11-04'),(195,12,'suscipit','2022-12-10'),(196,12,'world','2023-06-08'),(197,12,'repudiandae','2023-03-27'),(198,13,'error','2023-02-04'),(199,13,'rock','2023-05-30'),(200,13,'quite','2025-03-06'),(201,13,'commodi','2024-06-13'),(202,13,'大統領','2024-03-01'),(203,13,'tend','2023-02-22'),(204,13,'品質','2023-07-19'),(205,13,'commodi','2025-05-03'),(206,13,'アクセルペダル','2024-03-12'),(207,13,'animi','2025-01-15'),(208,14,'極端な','2024-04-01'),(209,14,'quas','2025-01-06'),(210,14,'work','2025-04-12'),(211,14,'distinctio','2025-02-19'),(212,14,'reiciendis','2025-04-09'),(213,14,'answer','2025-02-03'),(214,14,'ratione','2025-03-11'),(215,14,'understand','2024-11-26'),(216,14,'create','2024-10-09'),(217,14,'教授','2024-11-15'),(218,14,'accusantium','2024-11-10'),(219,14,'ソース','2024-10-27'),(220,14,'explain','2025-04-12'),(221,14,'consectetur','2024-10-05'),(222,14,'porro','2024-09-04'),(223,14,'reiciendis','2024-12-22'),(224,14,'同行','2025-04-06'),(225,14,'necessitatibus','2024-04-26'),(226,14,'dolor','2025-03-25'),(227,14,'magni','2024-07-31'),(228,14,'id','2024-06-03'),(229,14,'growth','2024-12-02'),(230,14,'持ってる','2025-05-09'),(231,14,'雪','2025-03-11'),(232,15,'反射','2024-09-17'),(233,15,'同行','2023-07-26'),(234,15,'リハビリ','2023-08-16'),(235,15,'ハンマー','2024-12-10'),(236,15,'base','2023-05-05'),(237,15,'magni','2023-02-11'),(238,15,'beatae','2024-02-06'),(239,15,'ahead','2024-05-24'),(240,15,'追放する','2023-10-31'),(241,15,'近代化する','2023-05-04'),(242,15,'est','2024-01-03'),(243,15,'戦略的','2024-05-08'),(244,15,'doctor','2024-08-12'),(245,15,'read','2025-04-28'),(246,15,'leg','2024-01-16'),(247,15,'緩む','2025-05-15'),(248,15,'障害','2024-09-23'),(249,15,'ベルベット','2023-03-11'),(250,15,'statement','2023-11-28'),(251,16,'voluptatum','2024-07-01'),(252,16,'everything','2023-09-01'),(253,16,'architecto','2023-04-11'),(254,16,'officer','2024-01-20'),(255,16,'ipsam','2024-05-19'),(256,16,'虐待','2023-10-25'),(257,16,'the','2023-12-02'),(258,16,'reflect','2025-02-15'),(259,16,'model','2023-12-13'),(260,16,'式','2024-03-01'),(261,17,'in','2024-11-28'),(262,17,'eum','2025-04-30'),(263,17,'compare','2024-12-21'),(264,17,'装置','2025-03-02'),(265,17,'nulla','2025-03-09'),(266,17,'asperiores','2025-03-26'),(267,17,'throughout','2025-05-10'),(268,17,'way','2025-01-24'),(269,17,'シュガー','2024-11-16'),(270,17,'nulla','2025-04-24'),(271,17,'出演者','2024-12-31'),(272,17,'out','2024-10-30'),(273,17,'追放する','2024-12-15'),(274,18,'possimus','2023-06-07'),(275,18,'雪','2023-07-31'),(276,18,'ダッシュ','2023-08-18'),(277,18,'感謝する','2024-07-10'),(278,18,'majority','2024-05-21'),(279,18,'minus','2024-08-29'),(280,18,'リニア','2024-02-08'),(281,18,'狐','2023-11-11'),(282,18,'ad','2024-05-07'),(283,19,'home','2024-12-24'),(284,19,'大統領','2025-05-01'),(285,19,'reach','2025-01-01'),(286,19,'cultural','2025-02-08'),(287,19,'view','2025-01-18'),(288,19,'professor','2025-02-15'),(289,19,'nature','2025-05-04'),(290,19,'行進','2024-12-04'),(291,19,'voluptatum','2024-12-28'),(292,19,'教会','2025-03-31'),(293,19,'トス','2025-03-31'),(294,19,'dolorum','2025-03-15'),(295,19,'training','2025-04-29'),(296,19,'suscipit','2025-03-17'),(297,19,'quia','2024-11-29'),(298,19,'station','2025-01-15'),(299,19,'repellendus','2025-04-15'),(300,19,'編組','2024-12-14'),(301,19,'thus','2025-01-25'),(302,19,'science','2025-01-17'),(303,19,'totam','2025-02-11'),(304,19,'future','2025-04-23'),(305,19,'heart','2025-03-02'),(306,19,'animi','2025-04-26'),(307,19,'電池','2025-04-12'),(308,19,'consequuntur','2025-01-12'),(309,19,'market','2024-12-16'),(310,19,'保持する','2024-12-19'),(311,20,'sapiente','2025-01-27'),(312,20,'eaque','2024-08-18'),(313,20,'soluta','2024-12-28'),(314,20,'recent','2025-01-26'),(315,20,'器官','2024-08-28'),(316,20,'plant','2024-09-09'),(317,20,'aut','2025-03-21'),(318,20,'不自然な','2025-03-01'),(319,20,'織る','2025-03-11'),(320,21,'consectetur','2024-07-29'),(321,21,'voluptates','2024-11-08'),(322,21,'パイオニア','2024-05-02'),(323,21,'bed','2024-11-09'),(324,21,'協力','2025-02-09'),(325,21,'structure','2024-09-08'),(326,21,'support','2023-05-12'),(327,21,'装置','2024-06-15'),(328,21,'challenge','2025-04-23'),(329,21,'dolores','2023-08-06'),(330,21,'she','2023-06-22'),(331,21,'偏差','2023-08-05'),(332,21,'賞賛する','2024-07-18'),(333,21,'north','2023-11-29'),(334,21,'ハードウェア','2024-05-10'),(335,21,'omnis','2024-05-01'),(336,21,'repellendus','2023-11-29'),(337,21,'laboriosam','2023-11-04'),(338,22,'コーラス','2025-03-21'),(339,22,'nulla','2025-02-05'),(340,22,'dinner','2025-01-15'),(341,22,'立派な','2025-05-03'),(342,22,'奨励します','2025-02-26'),(343,23,'腐った','2022-09-28'),(344,23,'ピック','2023-12-27'),(345,23,'totam','2022-11-11'),(346,24,'case','2024-01-09'),(347,24,'オークション','2023-03-18'),(348,24,'upon','2024-09-05'),(349,24,'dicta','2024-07-12'),(350,24,'maxime','2024-08-25'),(351,24,'cumque','2023-04-18'),(352,24,'or','2025-03-09'),(353,24,'myself','2023-10-26'),(354,24,'教会','2025-05-05'),(355,24,'改善','2024-11-30'),(356,24,'down','2024-03-27'),(357,24,'if','2023-01-17'),(358,24,'cum','2024-07-27'),(359,24,'dolor','2023-02-13'),(360,24,'人形','2024-11-27'),(361,24,'gas','2025-01-05'),(362,24,'her','2022-12-15'),(363,24,'知覚','2025-02-12'),(364,24,'receive','2025-03-27'),(365,24,'as','2025-01-11'),(366,24,'デッド','2023-07-13'),(367,24,'assumenda','2024-08-23'),(368,24,'television','2025-03-02'),(369,24,'ヘア','2024-03-19'),(370,24,'隠す','2024-03-22'),(371,24,'praesentium','2023-09-18'),(372,24,'traditional','2024-01-28'),(373,24,'dignissimos','2024-08-12'),(374,24,'quibusdam','2024-04-22'),(375,24,'through','2024-04-17'),(376,24,'マリン','2024-09-04'),(377,24,'excepturi','2024-03-30'),(378,24,'central','2023-03-13'),(379,24,'バーゲン','2025-01-28'),(380,24,'produce','2023-08-28'),(381,24,'tempore','2023-11-06'),(382,24,'保持する','2024-05-16'),(383,24,'dolorum','2023-11-30'),(384,24,'score','2024-09-08'),(385,24,'quas','2025-02-07'),(386,24,'force','2025-01-15'),(387,24,'deserunt','2023-06-10'),(388,24,'パイオニア','2024-01-20'),(389,24,'トーン','2024-01-10'),(390,25,'without','2025-02-09'),(391,25,'バナー','2024-10-30'),(392,25,'left','2024-09-09'),(393,25,'repudiandae','2024-09-10'),(394,25,'電話','2025-02-25'),(395,25,'consectetur','2024-10-13'),(396,25,'cumque','2024-12-10'),(397,25,'品質','2024-11-14'),(398,25,'cut','2024-07-22'),(399,25,'prevent','2024-09-07'),(400,25,'use','2025-01-13'),(401,25,'ストレージ','2024-10-19'),(402,25,'expect','2024-11-04'),(403,25,'コンペ','2024-12-15'),(404,25,'持っていました','2024-09-06'),(405,25,'nemo','2024-08-23'),(406,25,'ホイール','2025-04-06'),(407,25,'サンプル','2024-11-13'),(408,25,'屋根裏','2024-08-12'),(409,25,'age','2025-02-27'),(410,25,'編組','2024-12-22'),(411,25,'month','2025-04-06'),(412,25,'physical','2024-11-28'),(413,25,'service','2024-11-09'),(414,25,'バスケット','2024-07-31'),(415,25,'former','2024-12-12'),(416,25,'立派な','2024-06-25'),(417,25,'repellendus','2025-03-26'),(418,25,'quia','2025-05-13'),(419,25,'culpa','2025-01-17'),(420,25,'voluptate','2024-11-20'),(421,25,'連続','2024-09-29'),(422,25,'賞賛する','2025-01-20'),(423,25,'odio','2025-04-12'),(424,25,'eos','2024-10-30'),(425,25,'odit','2024-09-13'),(426,25,'watch','2024-10-21'),(427,25,'索引','2024-07-07'),(428,25,'voluptas','2024-11-18'),(429,26,'サワー','2025-05-11'),(430,26,'commodi','2023-01-30'),(431,26,'参加する','2023-12-26'),(432,26,'スキーム','2023-08-03'),(433,26,'est','2022-12-17'),(434,26,'moment','2024-05-19'),(435,26,'トーン','2024-02-15'),(436,26,'purpose','2025-01-14'),(437,26,'nostrum','2025-03-27'),(438,26,'午前','2023-10-29'),(439,26,'practice','2024-01-03'),(440,26,'溝','2024-06-21'),(441,26,'私','2023-10-14'),(442,26,'expedita','2023-11-02'),(443,26,'value','2023-06-28'),(444,26,'証言する','2025-05-02'),(445,27,'animal','2024-08-31'),(446,27,'tempore','2024-07-21'),(447,27,'行進','2024-03-09'),(448,27,'produce','2024-07-03'),(449,27,'velit','2024-01-03'),(450,28,'likely','2024-06-28'),(451,28,'et','2025-04-19'),(452,28,'animi','2024-07-20'),(453,28,'vero','2024-10-23'),(454,28,'ready','2025-03-19'),(455,28,'意図','2024-08-07'),(456,28,'voluptatum','2024-08-08'),(457,28,'maiores','2024-04-01'),(458,28,'テント','2023-09-25'),(459,28,'奨励します','2024-09-10'),(460,28,'continue','2024-07-21'),(461,28,'perferendis','2025-01-27'),(462,28,'リニア','2023-10-04'),(463,28,'star','2024-01-07'),(464,28,'sunt','2024-01-11'),(465,28,'particularly','2024-08-22'),(466,28,'safe','2024-08-11'),(467,28,'nulla','2024-09-25'),(468,28,'consider','2025-02-23'),(469,28,'police','2023-08-06'),(470,29,'civil','2023-03-21'),(471,29,'花嫁','2023-11-26'),(472,29,'雪','2023-09-23'),(473,30,'protect','2022-08-21'),(474,30,'pattern','2023-03-19'),(475,30,'quod','2024-10-21'),(476,30,'trial','2025-02-26'),(477,30,'人形','2022-10-19'),(478,30,'埋め込む','2023-04-05'),(479,30,'oil','2022-09-13'),(480,30,'neque','2024-01-30'),(481,30,'主婦','2023-11-20'),(482,30,'agent','2023-11-20'),(483,30,'there','2024-08-28'),(484,30,'トースト','2024-07-09'),(485,30,'corporis','2025-01-28'),(486,30,'atque','2024-07-20'),(487,30,'通行料金','2023-03-02'),(488,30,'楽しんで','2024-05-12'),(489,30,'コーナー','2024-03-04'),(490,30,'strategy','2022-10-18'),(491,30,'mean','2023-12-19'),(492,30,'watch','2024-03-06'),(493,30,'fire','2023-04-21'),(494,30,'officiis','2023-08-17'),(495,31,'カレッジ','2024-05-28'),(496,31,'officia','2025-04-01'),(497,31,'スキーム','2025-03-04'),(498,31,'nemo','2025-01-18'),(499,31,'叔父','2024-08-13'),(500,31,'トースト','2024-10-17'),(501,31,'aspernatur','2025-03-08'),(502,31,'involve','2025-01-28'),(503,31,'item','2024-11-27'),(504,31,'ダイヤモンド','2025-05-10'),(505,31,'play','2025-01-06'),(506,31,'onto','2025-01-13'),(507,31,'ut','2025-03-17'),(508,31,'戦略的','2024-03-17'),(509,31,'ジャム','2024-11-21'),(510,31,'behavior','2024-11-03'),(511,31,'architecto','2025-04-26'),(512,31,'ベルベット','2025-01-23'),(513,31,'敵対的な','2024-08-07'),(514,31,'again','2025-05-10'),(515,31,'怒り','2024-07-07'),(516,31,'voluptates','2024-04-21'),(517,31,'は','2024-05-06'),(518,31,'eius','2024-09-02'),(519,31,'高い','2024-06-09'),(520,31,'physical','2024-09-30'),(521,31,'voluptatibus','2025-02-08'),(522,31,'quasi','2024-04-12'),(523,31,'each','2024-10-16'),(524,31,'eaque','2024-06-09'),(525,31,'provident','2025-01-12'),(526,31,'iure','2024-06-17'),(527,31,'じぶんの','2024-08-25'),(528,31,'energy','2025-01-02'),(529,31,'wear','2025-05-04'),(530,31,'持つ','2024-07-25'),(531,31,'フェミニスト','2025-04-13'),(532,31,'development','2025-04-18'),(533,31,'physical','2024-09-14'),(534,31,'defense','2024-03-20'),(535,31,'明らかにする','2025-01-23'),(536,31,'緩む','2025-05-07'),(537,31,'temporibus','2025-02-13'),(538,31,'risk','2025-04-03'),(539,31,'ipsa','2024-07-23'),(540,32,'economy','2024-11-25'),(541,33,'pariatur','2024-01-20'),(542,33,'be','2024-11-03'),(543,33,'彼','2023-04-29'),(544,33,'癌','2024-03-31'),(545,33,'forget','2023-10-12'),(546,33,'excepturi','2025-02-27'),(547,33,'red','2023-12-12'),(548,33,'pretty','2024-07-13'),(549,33,'インチ','2023-07-04'),(550,33,'販売','2024-11-03'),(551,33,'ささやき','2023-02-09'),(552,33,'追放する','2022-12-23'),(553,33,'彼','2023-09-12'),(554,33,'販売','2024-07-30'),(555,33,'創傷','2023-07-13'),(556,33,'障害','2024-04-30'),(557,33,'economy','2023-03-22'),(558,33,'community','2025-02-10'),(559,33,'many','2023-04-30'),(560,34,'式','2025-04-21'),(561,34,'trip','2025-04-22'),(562,34,'vote','2025-05-13'),(563,34,'隠す','2025-04-22'),(564,34,'understand','2025-05-03'),(565,34,'ブレーキ','2025-05-11'),(566,34,'individual','2025-04-23'),(567,34,'accusantium','2025-05-09'),(568,34,'decision','2025-05-08'),(569,34,'future','2025-05-12'),(570,34,'quisquam','2025-05-12'),(571,34,'トリビュート','2025-04-28'),(572,34,'in','2025-04-23'),(573,34,'明らかにする','2025-04-28'),(574,34,'hard','2025-05-05'),(575,34,'factor','2025-04-20'),(576,34,'later','2025-05-07'),(577,34,'necessitatibus','2025-04-23'),(578,34,'織る','2025-05-13'),(579,34,'証言する','2025-04-23'),(580,34,'child','2025-05-09'),(581,34,'movement','2025-05-05'),(582,34,'a','2025-05-10'),(583,34,'represent','2025-05-06'),(584,34,'試してみる','2025-04-27'),(585,34,'編組','2025-05-08'),(586,34,'aliquid','2025-05-13'),(587,34,'whether','2025-04-26'),(588,34,'擁する','2025-05-08'),(589,34,'soon','2025-04-23'),(590,35,'ヘア','2025-04-05'),(591,35,'ソース','2022-10-05'),(592,35,'perferendis','2022-10-30'),(593,35,'either','2024-09-08'),(594,35,'time','2022-10-22'),(595,35,'符号','2024-01-31'),(596,35,'accusamus','2024-03-15'),(597,35,'sed','2024-09-21'),(598,35,'ability','2025-05-03'),(599,35,'tough','2025-03-03'),(600,35,'インチ','2023-10-30'),(601,35,'ピック','2023-11-28'),(602,35,'population','2024-02-24'),(603,35,'ささやき','2023-08-29'),(604,35,'guess','2024-05-31'),(605,35,'シュガー','2022-10-27'),(606,35,'eum','2025-03-04'),(607,35,'build','2023-04-19'),(608,35,'order','2024-01-30'),(609,35,'excepturi','2023-07-01'),(610,35,'wait','2023-01-14'),(611,35,'affect','2024-11-08'),(612,35,'ex','2024-02-18'),(613,35,'ニュース','2024-08-29'),(614,35,'veritatis','2022-12-29'),(615,35,'敵対的な','2023-07-17'),(616,35,'left','2024-02-17'),(617,35,'厳しい','2023-06-05'),(618,35,'犯罪者','2025-02-23'),(619,36,'nisi','2024-12-06'),(620,36,'quis','2025-02-27'),(621,36,'illum','2025-03-20'),(622,36,'total','2024-10-27'),(623,37,'numquam','2025-04-26'),(624,37,'tempora','2025-04-13'),(625,37,'keep','2025-04-24'),(626,37,'quas','2025-04-16'),(627,37,'dolorum','2025-04-08'),(628,37,'iste','2025-04-14'),(629,37,'aperiam','2025-04-26'),(630,37,'must','2025-04-09'),(631,37,'fugit','2025-04-12'),(632,37,'quasi','2025-04-27'),(633,37,'care','2025-05-08'),(634,37,'aliquam','2025-05-02'),(635,37,'turn','2025-04-19'),(636,37,'really','2025-05-08'),(637,37,'ささやき','2025-04-18'),(638,37,'符号','2025-04-22'),(639,37,'憲法','2025-05-04'),(640,37,'voluptate','2025-04-17'),(641,37,'nemo','2025-04-13'),(642,37,'very','2025-05-10'),(643,37,'助けて','2025-04-29'),(644,37,'コーナー','2025-04-12'),(645,37,'月','2025-04-16'),(646,37,'インチ','2025-05-04'),(647,37,'fugiat','2025-04-12'),(648,37,'dicta','2025-04-19'),(649,37,'ノート','2025-05-13'),(650,37,'改善','2025-04-21'),(651,37,'hope','2025-04-28'),(652,37,'tempora','2025-05-10'),(653,37,'human','2025-04-13'),(654,38,'リニア','2023-12-20'),(655,38,'however','2024-05-25'),(656,39,'じぶんの','2023-08-23'),(657,39,'deal','2023-06-12'),(658,39,'管理する','2024-07-06'),(659,39,'iste','2024-07-30'),(660,39,'nation','2024-04-11'),(661,39,'there','2025-04-17'),(662,39,'indicate','2023-07-23'),(663,39,'blanditiis','2024-03-11'),(664,39,'dolore','2023-04-20'),(665,39,'explicabo','2024-02-07'),(666,39,'especially','2024-11-19'),(667,39,'リニア','2024-02-01'),(668,39,'dolor','2024-04-30'),(669,39,'野球','2023-04-25'),(670,39,'パン','2024-08-17'),(671,39,'laboriosam','2024-12-13'),(672,39,'serve','2023-03-22'),(673,39,'civil','2025-02-22'),(674,39,'ノート','2023-11-17'),(675,39,'odio','2024-10-08'),(676,39,'花嫁','2023-04-25'),(677,39,'quod','2024-10-03'),(678,39,'溝','2023-06-15'),(679,39,'ピック','2023-12-07'),(680,39,'sequi','2025-02-11'),(681,39,'野球','2023-11-13'),(682,39,'officia','2024-06-22'),(683,39,'aliquid','2024-01-11'),(684,39,'デフォルト','2024-07-09'),(685,39,'assumenda','2024-01-14'),(686,39,'war','2023-10-01'),(687,39,'worry','2025-02-19'),(688,39,'テント','2024-12-07'),(689,39,'quasi','2023-10-17'),(690,39,'voluptates','2024-09-03'),(691,39,'差別する','2023-09-07'),(692,39,'quaerat','2023-10-12'),(693,39,'various','2023-10-24'),(694,39,'目的','2023-12-05'),(695,40,'opportunity','2025-02-03'),(696,40,'difficult','2025-01-29'),(697,40,'コンペ','2025-03-28'),(698,40,'figure','2025-02-01'),(699,40,'veniam','2025-04-28'),(700,40,'possimus','2025-03-27'),(701,41,'quisquam','2024-11-30'),(702,41,'expedita','2023-11-15'),(703,41,'nam','2025-03-11'),(704,41,'purpose','2025-04-07'),(705,41,'laborum','2025-01-12'),(706,41,'exactly','2025-03-10'),(707,41,'everybody','2024-07-16'),(708,41,'magnam','2024-12-18'),(709,41,'pariatur','2024-12-10'),(710,41,'狭い','2024-06-20'),(711,41,'差別する','2024-10-03'),(712,41,'厳しい','2024-04-27'),(713,41,'犯罪者','2024-10-21'),(714,41,'シェービング','2024-07-12'),(715,41,'pariatur','2024-02-13'),(716,41,'ipsa','2024-02-11'),(717,41,'協力','2025-02-25'),(718,41,'画面','2023-11-29'),(719,41,'number','2023-12-30'),(720,41,'perspiciatis','2024-02-08'),(721,41,'recognize','2024-02-16'),(722,41,'軸','2024-12-03'),(723,41,'hot','2023-12-11'),(724,41,'optio','2023-12-03'),(725,41,'asperiores','2024-06-17'),(726,41,'exactly','2024-07-25'),(727,42,'リフト','2024-09-28'),(728,42,'suscipit','2024-12-09'),(729,42,'dolor','2025-01-15'),(730,42,'特徴','2025-04-10'),(731,42,'card','2025-03-30'),(732,42,'before','2025-04-23'),(733,42,'themselves','2024-12-01'),(734,42,'器官','2025-01-26'),(735,42,'illo','2024-08-02'),(736,42,'tree','2025-04-18'),(737,42,'deleniti','2024-03-20'),(738,42,'バケツ','2024-05-24'),(739,42,'電池','2023-09-27'),(740,42,'倫理','2024-07-09'),(741,42,'easy','2024-08-06'),(742,42,'weight','2023-09-27'),(743,42,'vero','2023-12-31'),(744,42,'activity','2023-08-27'),(745,42,'listen','2025-04-30'),(746,42,'repellendus','2024-04-07'),(747,42,'facilis','2024-07-30'),(748,42,'じぶんの','2023-09-03'),(749,42,'ジャーナル','2025-04-20'),(750,42,'ベルベット','2024-07-25'),(751,42,'柔らかい','2023-12-12'),(752,42,'at','2024-04-26'),(753,42,'職人','2023-10-26'),(754,42,'veniam','2023-12-16'),(755,42,'敵対的な','2024-05-09'),(756,42,'eum','2025-04-08'),(757,42,'プラスチック','2023-12-03'),(758,42,'whatever','2023-07-10'),(759,42,'so','2024-06-08'),(760,42,'their','2024-05-06'),(761,42,'all','2023-06-24'),(762,42,'ex','2024-01-16'),(763,42,'enim','2024-08-27'),(764,43,'dolorem','2025-01-02'),(765,43,'exercitationem','2023-07-22'),(766,43,'sit','2023-05-17'),(767,43,'could','2024-05-25'),(768,43,'nulla','2024-08-11'),(769,43,'デッド','2024-08-12'),(770,43,'try','2023-06-12'),(771,43,'produce','2024-09-26'),(772,43,'式','2024-04-10'),(773,43,'earum','2023-04-09'),(774,43,'彼','2023-10-20'),(775,43,'省略','2024-02-17'),(776,43,'simple','2024-01-03'),(777,43,'deleniti','2025-03-25'),(778,43,'approach','2024-04-29'),(779,43,'reprehenderit','2023-08-28'),(780,43,'今日','2023-01-05'),(781,43,'iusto','2023-05-03'),(782,43,'something','2024-01-16'),(783,43,'earum','2023-11-18'),(784,43,'nulla','2023-11-27'),(785,43,'eos','2024-03-13'),(786,43,'aut','2025-01-23'),(787,43,'dignissimos','2024-06-02'),(788,43,'dolore','2024-09-27'),(789,44,'at','2024-11-22'),(790,44,'quisquam','2024-10-04'),(791,44,'不自然な','2023-08-15'),(792,44,'neque','2023-07-04'),(793,44,'狐','2024-04-21'),(794,44,'veritatis','2023-04-29'),(795,44,'maiores','2024-02-03'),(796,44,'subject','2023-11-05'),(797,44,'意図','2023-01-29'),(798,44,'高い','2024-03-08'),(799,44,'呼ぶ','2023-08-15'),(800,44,'foreign','2024-10-19'),(801,44,'主婦','2024-04-25'),(802,44,'modi','2024-11-25'),(803,45,'厳しい','2025-05-07'),(804,45,'fish','2025-03-24'),(805,45,'持ってる','2025-04-27'),(806,45,'meet','2025-02-26'),(807,45,'持ってる','2025-05-13'),(808,45,'outside','2025-02-20'),(809,45,'cum','2025-03-01'),(810,45,'反射','2025-02-22'),(811,45,'if','2025-03-13'),(812,45,'voluptas','2025-04-19'),(813,45,'deserunt','2025-02-10'),(814,45,'music','2025-04-25'),(815,45,'dolorum','2025-03-08'),(816,45,'尊敬する','2025-03-01'),(817,45,'est','2025-03-22'),(818,45,'ヒール','2025-03-19'),(819,45,'out','2025-02-13'),(820,45,'minus','2025-01-28'),(821,45,'relate','2025-05-02'),(822,45,'カレッジ','2025-05-07'),(823,45,'decide','2025-05-10'),(824,45,'ストレージ','2025-04-29'),(825,45,'teach','2025-05-09'),(826,45,'prove','2025-05-07'),(827,45,'bill','2025-04-24'),(828,45,'主婦','2025-05-11'),(829,45,'dolores','2025-03-17'),(830,45,'ut','2025-03-18'),(831,45,'beautiful','2025-03-31'),(832,45,'thus','2025-04-29'),(833,45,'pay','2025-02-08'),(834,45,'condition','2025-05-06'),(835,45,'eaque','2025-04-29'),(836,45,'ever','2025-03-19'),(837,45,'moment','2025-03-05'),(838,45,'bit','2025-03-11'),(839,45,'onto','2025-05-03'),(840,45,'specific','2025-02-11'),(841,45,'neque','2025-03-15'),(842,45,'評議会','2025-02-19'),(843,45,'magni','2025-02-20'),(844,45,'ない','2025-05-02'),(845,46,'magni','2025-02-13'),(846,46,'転倒','2024-11-06'),(847,46,'soluta','2024-01-14'),(848,46,'近代化する','2024-04-05'),(849,46,'特徴','2024-04-20'),(850,46,'風景','2024-06-24'),(851,46,'listen','2024-11-19'),(852,46,'コミュニティ','2023-12-17'),(853,46,'subject','2025-01-24'),(854,46,'式','2024-08-07'),(855,46,'doloribus','2024-12-18'),(856,46,'敵対的な','2024-11-15'),(857,46,'販売','2024-10-06'),(858,46,'soldier','2024-01-08'),(859,46,'ダイヤモンド','2025-05-09'),(860,46,'inventore','2025-04-25'),(861,46,'someone','2024-05-14'),(862,46,'describe','2023-09-29'),(863,46,'探査','2024-09-22'),(864,46,'choice','2024-04-24'),(865,46,'speech','2024-01-25'),(866,46,'six','2024-12-10'),(867,46,'バケツ','2023-09-13'),(868,46,'information','2024-12-25'),(869,46,'voluptatibus','2024-04-26'),(870,46,'タワー','2024-01-09'),(871,46,'供給','2024-12-24'),(872,46,'idea','2025-01-31'),(873,46,'hic','2024-07-19'),(874,46,'トースト','2024-12-28'),(875,46,'place','2024-09-19'),(876,46,'voluptate','2024-09-23'),(877,46,'叔父','2024-01-21'),(878,46,'molestias','2023-11-24'),(879,46,'dolorem','2024-04-15'),(880,46,'return','2023-11-17'),(881,46,'available','2025-01-31'),(882,46,'職人','2024-10-31'),(883,46,'agreement','2024-12-24'),(884,46,'eaque','2024-08-31'),(885,47,'labore','2023-09-06'),(886,47,'necessitatibus','2024-04-03'),(887,48,'thank','2024-07-04'),(888,48,'consequuntur','2024-10-05'),(889,48,'敵','2023-12-02'),(890,48,'陶器','2024-03-27'),(891,48,'a','2024-04-07'),(892,48,'each','2025-05-12'),(893,48,'偏差','2024-08-24'),(894,48,'ipsum','2023-11-07'),(895,48,'cum','2024-03-09'),(896,48,'omnis','2024-01-20'),(897,48,'today','2024-06-08'),(898,48,'necessitatibus','2024-03-26'),(899,48,'investment','2025-01-12'),(900,48,'quae','2024-11-12'),(901,48,'recusandae','2025-01-26'),(902,48,'bag','2024-02-29'),(903,49,'催眠術','2024-11-24'),(904,49,'学生','2024-10-17'),(905,49,'符号','2024-12-27'),(906,49,'PM','2024-09-11'),(907,49,'文言','2024-12-21'),(908,49,'販売','2024-08-11'),(909,50,'excepturi','2025-05-02'),(910,50,'quisquam','2025-01-29');
/*!40000 ALTER TABLE `Lens` ENABLE KEYS */;
UNLOCK TABLES;

--
-- Table structure for table `Level`
--

DROP TABLE IF EXISTS `Level`;
/*!40101 SET @saved_cs_client     = @@character_set_client */;
/*!50503 SET character_set_client = utf8mb4 */;
CREATE TABLE `Level` (
  `id_level` int(11) NOT NULL,
  `nama_level` varchar(100) NOT NULL,
  `upah` int(11) NOT NULL,
  `minimum_lensa` int(11) NOT NULL,
  PRIMARY KEY (`id_level`)
) ENGINE=InnoDB DEFAULT CHARSET=utf8mb4 COLLATE=utf8mb4_uca1400_ai_ci;
/*!40101 SET character_set_client = @saved_cs_client */;

--
-- Dumping data for table `Level`
--

LOCK TABLES `Level` WRITE;
/*!40000 ALTER TABLE `Level` DISABLE KEYS */;
INSERT INTO `Level` VALUES (0,'Not Rated',0,0),(1,'Bronze',1000000,10),(2,'Silver',2000000,20),(3,'Gold',3000000,30);
/*!40000 ALTER TABLE `Level` ENABLE KEYS */;
UNLOCK TABLES;

--
-- Table structure for table `Pap`
--

DROP TABLE IF EXISTS `Pap`;
/*!40101 SET @saved_cs_client     = @@character_set_client */;
/*!50503 SET character_set_client = utf8mb4 */;
CREATE TABLE `Pap` (
  `urutan_pengiriman` int(11) NOT NULL,
  `id_room_chat` int(11) NOT NULL,
  `id_user` int(11) NOT NULL,
  `id_lens` int(11) DEFAULT NULL,
  `tipe_pap` varchar(50) NOT NULL,
  `durasi` int(11) DEFAULT NULL,
  PRIMARY KEY (`urutan_pengiriman`,`id_room_chat`,`id_user`),
  KEY `id_lens` (`id_lens`),
  CONSTRAINT `Pap_ibfk_1` FOREIGN KEY (`urutan_pengiriman`, `id_room_chat`, `id_user`) REFERENCES `Konten` (`urutan_pengiriman`, `id_room_chat`, `id_user`),
  CONSTRAINT `Pap_ibfk_2` FOREIGN KEY (`id_lens`) REFERENCES `Lens` (`id_lens`)
) ENGINE=InnoDB DEFAULT CHARSET=utf8mb4 COLLATE=utf8mb4_uca1400_ai_ci;
/*!40101 SET character_set_client = @saved_cs_client */;

--
-- Dumping data for table `Pap`
--

LOCK TABLES `Pap` WRITE;
/*!40000 ALTER TABLE `Pap` DISABLE KEYS */;
INSERT INTO `Pap` VALUES (1,5,10,663,'foto',0),(1,5,17,610,'video',15),(1,12,17,192,'video',17),(1,13,8,675,'foto',0),(1,16,2,311,'foto',0),(1,23,2,713,'video',40),(1,32,10,590,'foto',0),(1,37,14,482,'foto',0),(1,37,15,619,'foto',0),(1,40,6,497,'video',3),(1,43,1,646,'video',59),(1,44,12,18,'foto',0),(1,48,6,10,'video',51),(2,8,13,125,'video',9),(2,23,8,625,'video',47),(2,36,13,618,'foto',0),(2,37,14,172,'foto',0),(2,37,15,30,'foto',0),(2,39,4,787,'foto',0),(2,40,5,103,'foto',0),(2,41,3,396,'video',16),(2,41,4,314,'video',11),(2,41,10,240,'video',50),(2,48,1,375,'foto',0),(3,5,10,271,'video',43),(3,14,14,152,'foto',0),(3,16,2,836,'video',15),(3,23,2,42,'video',36),(3,37,6,814,'foto',0),(3,44,12,72,'video',23),(3,48,1,116,'foto',0),(3,48,6,415,'video',58),(4,12,17,529,'video',58),(4,37,6,907,'video',7),(4,39,4,353,'video',59),(4,40,5,739,'foto',0),(4,44,12,73,'video',22),(5,18,18,200,'video',25),(5,19,9,131,'foto',0),(5,44,12,275,'video',58);
/*!40000 ALTER TABLE `Pap` ENABLE KEYS */;
UNLOCK TABLES;

--
-- Table structure for table `PapMap`
--

DROP TABLE IF EXISTS `PapMap`;
/*!40101 SET @saved_cs_client     = @@character_set_client */;
/*!50503 SET character_set_client = utf8mb4 */;
CREATE TABLE `PapMap` (
  `waktu_mulai` timestamp NOT NULL,
  `waktu_akhir` timestamp NOT NULL,
  `id_user` int(11) NOT NULL,
  `longitude` decimal(10,7) NOT NULL,
  `latitude` decimal(10,7) NOT NULL,
  `status` varchar(50) NOT NULL,
  PRIMARY KEY (`waktu_mulai`,`waktu_akhir`,`id_user`),
  KEY `id_user` (`id_user`),
  CONSTRAINT `PapMap_ibfk_1` FOREIGN KEY (`id_user`) REFERENCES `Pengguna` (`id_user`)
) ENGINE=InnoDB DEFAULT CHARSET=utf8mb4 COLLATE=utf8mb4_uca1400_ai_ci;
/*!40101 SET character_set_client = @saved_cs_client */;

--
-- Dumping data for table `PapMap`
--

LOCK TABLES `PapMap` WRITE;
/*!40000 ALTER TABLE `PapMap` DISABLE KEYS */;
INSERT INTO `PapMap` VALUES ('2022-08-30 14:02:18','2022-09-24 22:11:18',9,23.0992560,66.2234445,'private'),('2022-11-13 20:59:23','2022-12-24 09:57:36',24,-92.9548090,21.3166285,'public'),('2022-12-26 16:58:48','2024-05-13 15:36:00',8,34.8183200,-37.7856845,'public'),('2023-01-31 03:53:28','2023-08-13 14:00:07',33,56.5986050,62.4697240,'public'),('2023-02-12 07:23:30','2024-01-26 23:46:23',18,53.8489520,-22.9237090,'public'),('2023-03-08 04:35:23','2023-11-12 09:24:51',33,24.3275540,-55.6979405,'public'),('2023-03-20 05:06:22','2024-02-08 18:32:34',24,-57.2360780,32.8249840,'public'),('2023-03-20 10:42:02','2023-03-20 10:42:02',35,77.1970570,-64.0249685,'private'),('2023-03-22 21:04:09','2023-03-22 21:04:09',43,25.9481650,-78.5148775,'private'),('2023-04-03 22:57:38','2023-04-03 22:57:38',43,-168.7150180,56.0712780,'public'),('2023-04-08 21:48:09','2023-04-08 21:48:09',35,-27.8314790,84.3477365,'private'),('2023-04-20 12:58:34','2023-12-31 01:28:41',18,-149.7731350,-79.5273630,'public'),('2023-04-21 08:30:05','2025-04-23 21:42:20',43,145.4544200,48.3830195,'public'),('2023-05-14 00:41:52','2023-05-30 01:26:06',44,81.4670950,-30.9945380,'private'),('2023-05-24 12:53:12','2023-05-24 12:53:12',30,-127.7560890,-32.4753950,'private'),('2023-05-30 06:30:21','2023-05-30 06:30:21',23,-55.7005610,74.0960515,'private'),('2023-06-11 19:07:51','2023-08-04 07:03:45',39,-141.7028900,2.3111290,'private'),('2023-06-17 17:23:13','2024-06-04 00:31:36',26,171.9413410,-22.5009985,'private'),('2023-06-26 16:00:12','2023-06-26 16:00:12',12,179.9467610,-18.8039800,'private'),('2023-07-16 06:12:31','2023-08-11 15:33:48',39,-102.1220770,-7.5380445,'public'),('2023-07-21 00:32:20','2024-09-21 11:22:17',23,53.9717240,45.0566440,'public'),('2023-08-11 06:22:55','2024-07-24 20:43:10',42,-81.1691890,-45.7725425,'private'),('2023-08-11 14:11:36','2024-08-05 14:47:27',7,-94.0197020,-48.1027800,'private'),('2023-08-15 00:55:35','2024-04-13 23:43:29',35,16.8454200,33.7281685,'public'),('2023-08-16 14:59:50','2024-12-03 16:03:15',1,129.6739100,-64.4981795,'private'),('2023-08-17 21:54:47','2023-08-17 21:54:47',12,84.6376480,-30.7529500,'public'),('2023-09-07 01:34:02','2023-09-07 01:34:02',44,94.3256940,-60.3338395,'private'),('2023-09-08 10:04:30','2024-04-11 06:37:29',13,-28.9908670,-30.8806240,'public'),('2023-09-29 11:09:50','2023-11-04 19:40:18',8,-73.9675240,27.3589745,'public'),('2023-10-10 12:05:33','2024-05-14 01:45:04',7,122.8857230,-56.7723820,'public'),('2023-10-18 06:11:37','2023-10-28 06:07:05',42,-135.0787480,-47.8207550,'private'),('2023-10-23 00:58:18','2024-04-05 15:10:16',16,-157.6653600,60.6778795,'private'),('2023-10-23 17:49:33','2024-10-02 08:49:15',16,111.3510570,14.6475825,'public'),('2023-10-30 13:43:08','2024-02-20 18:18:44',47,121.0608480,-17.2545235,'private'),('2023-10-31 12:09:17','2023-10-31 12:09:17',47,-47.0820360,-64.6932410,'public'),('2023-11-13 13:48:14','2024-10-03 22:05:21',29,121.5372000,-59.3029360,'public'),('2023-11-14 15:15:44','2023-11-14 15:15:44',21,53.9997180,6.8401110,'private'),('2023-11-21 01:19:09','2024-07-14 20:48:57',28,16.0380650,-88.3008970,'public'),('2023-11-21 01:36:54','2023-11-21 01:36:54',29,168.4171020,-84.0314610,'private'),('2023-11-26 22:47:54','2024-11-03 19:21:03',42,164.6404150,53.0445935,'private'),('2023-12-08 16:30:41','2023-12-08 16:30:41',9,50.5370850,-41.3077325,'private'),('2023-12-12 02:10:19','2024-01-30 01:14:20',39,-155.0405070,22.4845565,'public'),('2023-12-15 08:51:26','2024-04-11 08:51:02',47,-158.4085710,85.2868030,'public'),('2023-12-19 22:25:18','2024-01-24 14:27:56',2,37.9518580,-72.1625330,'public'),('2024-01-01 03:18:03','2024-01-06 22:19:19',46,143.2206300,46.7872210,'public'),('2024-01-06 00:31:47','2024-01-06 00:31:47',12,-31.9207560,75.2312280,'private'),('2024-01-06 12:09:24','2024-03-08 00:04:01',21,47.3010210,87.5614550,'private'),('2024-01-25 22:07:16','2024-02-21 12:42:52',39,7.5324850,-47.2080535,'public'),('2024-02-06 05:59:44','2024-03-09 01:19:21',41,-175.2371740,-66.1922960,'private'),('2024-02-18 09:49:00','2024-02-18 09:49:00',16,155.1828750,50.6325455,'public'),('2024-03-04 21:30:12','2024-03-04 21:30:12',11,-74.7814000,-43.8951600,'private'),('2024-03-05 11:02:44','2024-07-20 11:07:28',27,96.3720730,88.6000690,'public'),('2024-03-17 20:19:26','2024-03-17 20:19:26',13,105.5340090,-75.3192140,'public'),('2024-03-19 20:09:52','2024-03-19 20:09:52',6,76.0600020,-54.6858330,'public'),('2024-03-25 10:24:04','2024-09-07 00:31:21',48,174.6323750,-11.6543030,'private'),('2024-03-25 19:39:48','2025-03-02 06:29:00',12,-96.3246220,6.1577495,'private'),('2024-03-26 08:52:27','2024-05-22 16:48:30',48,-42.6474290,-51.2752990,'private'),('2024-04-10 11:00:21','2024-04-28 02:39:06',35,-43.4976210,-9.2651690,'private'),('2024-04-11 09:07:32','2024-09-10 04:33:01',30,-170.8105390,18.2561665,'private'),('2024-04-18 10:04:17','2024-04-18 10:04:17',7,-46.9276730,-88.3631700,'public'),('2024-04-29 12:18:58','2024-07-05 19:54:53',26,-158.5660420,35.1109050,'private'),('2024-05-03 19:00:51','2024-09-09 13:33:24',46,22.7277620,-26.4080860,'private'),('2024-05-06 19:02:23','2024-05-06 19:02:23',8,-133.0347840,-55.5866920,'public'),('2024-05-17 15:58:28','2024-07-28 03:15:08',20,74.1674310,-85.8517155,'private'),('2024-05-24 20:44:35','2024-05-24 20:44:35',42,71.0623530,-10.3195915,'private'),('2024-05-28 03:27:11','2024-05-28 03:27:11',29,-168.4346410,-89.5376165,'public'),('2024-05-31 09:12:01','2024-05-31 09:12:01',1,83.8379050,56.4437940,'public'),('2024-06-05 10:43:42','2024-06-05 10:43:42',1,-164.6054410,-17.1086830,'public'),('2024-06-06 14:56:16','2025-04-05 02:05:42',27,-171.4380850,-27.8782420,'private'),('2024-06-07 09:59:15','2024-06-07 09:59:15',6,-161.4805390,87.8080775,'private'),('2024-06-15 15:07:57','2024-07-05 06:52:58',27,147.0507770,-18.8300460,'private'),('2024-06-23 12:15:43','2024-12-28 09:22:50',41,167.4351230,-54.6659060,'public'),('2024-06-29 22:42:05','2024-06-29 22:42:05',2,-77.2023270,57.0510550,'public'),('2024-07-02 08:49:52','2024-07-02 08:49:52',7,158.1423190,-7.6356155,'private'),('2024-07-03 11:59:18','2024-07-03 11:59:18',49,98.2157340,63.0555630,'public'),('2024-07-11 19:32:26','2024-07-11 19:32:26',23,-57.9534760,-81.8376970,'public'),('2024-07-11 23:24:54','2024-07-11 23:24:54',18,-39.1176250,50.3701085,'private'),('2024-07-15 18:07:19','2024-07-15 18:07:19',1,-81.3041190,70.6375180,'private'),('2024-07-16 23:55:35','2024-07-31 12:36:24',25,-176.6769270,89.3308220,'public'),('2024-07-18 14:36:42','2024-07-18 14:36:42',12,-94.4250560,0.3725165,'public'),('2024-07-20 14:05:24','2024-07-20 14:05:24',38,122.6993600,-35.5357425,'private'),('2024-07-29 13:57:54','2024-07-29 13:57:54',16,-111.6056890,69.7685585,'private'),('2024-08-01 07:26:25','2024-09-09 03:54:04',41,-37.1688950,-46.0800440,'public'),('2024-08-20 14:43:54','2024-10-30 11:07:08',15,179.9403200,63.3944840,'public'),('2024-09-01 11:26:14','2024-09-29 00:49:43',6,63.9634260,10.9952845,'private'),('2024-09-02 18:10:56','2024-09-02 18:10:56',44,-68.0128620,-88.8934890,'public'),('2024-09-06 16:23:42','2025-01-11 21:58:38',31,-119.8589960,29.9361070,'public'),('2024-09-08 06:25:53','2024-09-08 06:25:53',25,159.7908440,15.2457465,'private'),('2024-09-11 08:05:50','2024-12-11 17:02:44',14,52.5262920,-85.8638245,'public'),('2024-09-11 12:13:00','2024-10-17 13:52:59',32,-165.2992340,-40.5417570,'private'),('2024-09-14 22:08:38','2024-11-16 04:57:03',23,75.3239630,-3.6644920,'public'),('2024-09-17 01:10:23','2024-12-02 02:56:56',13,1.3900460,-27.6780295,'private'),('2024-09-17 11:26:14','2024-11-21 15:47:10',43,-128.8757470,60.8020075,'public'),('2024-09-19 14:08:07','2024-12-21 05:37:57',13,159.6017140,32.0802430,'private'),('2024-09-20 15:49:36','2024-09-20 15:49:36',11,12.7015480,-33.7621945,'private'),('2024-09-25 22:01:32','2024-09-25 22:01:32',47,-12.3292080,-86.6563190,'public'),('2024-10-09 19:43:07','2024-11-26 09:28:06',11,112.9378700,58.7226005,'public'),('2024-10-16 11:23:59','2024-10-16 11:23:59',42,-51.9591080,7.7963580,'public'),('2024-11-04 05:20:24','2025-01-18 12:59:28',28,164.8867120,84.8919740,'private'),('2024-11-07 07:31:14','2025-04-01 07:55:41',36,-89.2980030,-83.7157200,'public'),('2024-11-17 17:08:34','2024-11-17 17:08:34',17,168.9333920,82.4987370,'private'),('2024-11-19 17:36:31','2024-11-22 12:56:30',32,92.4038280,-76.0122725,'private'),('2024-11-26 07:06:29','2024-11-26 07:06:29',18,53.9341050,66.2247970,'public'),('2024-11-28 22:47:20','2024-12-02 20:19:23',17,27.4218860,-23.6373575,'private'),('2024-11-30 17:43:34','2024-11-30 17:43:34',36,152.0415320,51.2171170,'public'),('2024-12-02 18:27:57','2025-03-07 15:49:30',40,-131.7868000,73.4862795,'public'),('2024-12-03 12:03:15','2024-12-03 12:03:15',49,-150.9922780,30.8451270,'private'),('2024-12-06 01:59:47','2024-12-06 01:59:47',27,16.4506380,56.6317470,'private'),('2024-12-12 16:46:26','2024-12-12 16:46:26',15,-128.8931380,70.5046135,'public'),('2024-12-13 15:47:08','2024-12-13 15:47:08',2,-101.9659860,-69.3884045,'public'),('2024-12-17 20:31:49','2024-12-17 20:31:49',31,122.4164690,-88.8142980,'private'),('2024-12-18 16:07:51','2025-03-18 14:14:53',19,-112.1907510,16.9504570,'private'),('2024-12-19 14:52:17','2024-12-19 14:52:17',6,106.6163790,-9.5977135,'private'),('2024-12-24 02:26:37','2024-12-29 13:55:17',50,92.2026050,88.8356180,'public'),('2024-12-24 17:23:52','2024-12-24 17:23:52',13,133.7794060,-65.5390670,'private'),('2024-12-28 13:22:37','2024-12-28 13:22:37',17,-48.7358470,63.1263490,'private'),('2025-01-02 23:12:32','2025-01-02 23:12:32',32,-16.6678640,-81.2327480,'private'),('2025-01-03 02:47:33','2025-02-25 06:59:56',36,-117.8480950,19.0559520,'private'),('2025-01-03 23:57:42','2025-01-03 23:57:42',28,-59.2735370,29.8678880,'public'),('2025-01-09 17:02:20','2025-01-09 17:02:20',20,47.5751480,-86.9632515,'public'),('2025-01-10 23:59:15','2025-01-10 23:59:15',40,-4.1884530,79.0135130,'public'),('2025-01-11 02:52:04','2025-01-11 02:52:04',43,-99.1098860,-77.6676030,'public'),('2025-01-15 15:11:17','2025-01-17 10:06:34',32,35.0157990,14.0132435,'public'),('2025-01-15 17:32:23','2025-01-15 17:32:23',46,-115.7767860,-15.5930265,'public'),('2025-01-20 20:42:44','2025-01-20 20:42:44',40,18.1499970,-56.6983265,'public'),('2025-01-26 19:35:57','2025-01-26 19:35:57',40,167.8973080,-73.1215940,'public'),('2025-01-27 00:01:47','2025-01-27 00:01:47',22,-140.4072970,82.8037760,'public'),('2025-02-02 11:18:48','2025-02-02 11:18:48',14,-169.4733060,-4.9921645,'public'),('2025-02-07 23:10:04','2025-03-02 02:40:11',10,-119.7027600,53.6137940,'public'),('2025-02-11 21:37:11','2025-02-11 21:37:11',28,2.1686330,61.6888640,'private'),('2025-02-12 11:40:12','2025-03-02 15:39:33',19,83.1112120,8.4095100,'public'),('2025-02-15 06:31:26','2025-02-15 06:31:26',50,56.5627480,-5.5997055,'public'),('2025-02-16 09:53:13','2025-02-16 09:53:13',38,50.8209650,-65.8884735,'private'),('2025-02-18 19:56:55','2025-02-18 19:56:55',8,49.8945610,0.8038965,'private'),('2025-02-20 14:46:38','2025-02-20 14:46:38',50,97.2607790,32.4107365,'public'),('2025-02-22 07:33:35','2025-02-22 07:33:35',39,52.2392560,30.7920500,'public'),('2025-02-23 10:41:18','2025-03-27 09:59:25',45,-135.6064630,-34.5949065,'public'),('2025-02-27 08:46:23','2025-02-27 08:46:23',44,-25.5354000,-4.7724455,'private'),('2025-02-27 10:44:37','2025-04-03 20:37:15',36,-95.2920260,-32.0914090,'public'),('2025-03-03 14:23:34','2025-03-15 13:40:25',36,173.1873000,-42.9011120,'public'),('2025-03-06 10:28:43','2025-03-29 17:16:48',25,108.2001890,-53.9522300,'public'),('2025-03-06 12:02:45','2025-03-06 12:02:45',17,103.2100820,51.3525365,'private'),('2025-03-09 08:59:28','2025-03-24 19:20:37',32,-0.4843070,-9.5149405,'private'),('2025-03-10 13:38:04','2025-03-12 04:32:56',5,121.2257990,-16.7031435,'public'),('2025-03-12 03:45:13','2025-03-12 03:45:13',2,43.5071380,61.6334585,'private'),('2025-03-14 04:45:30','2025-03-14 04:45:30',45,-76.4033490,87.5580020,'public'),('2025-03-16 11:24:29','2025-03-16 11:24:29',3,116.7644220,-65.4589630,'private'),('2025-03-17 20:19:29','2025-03-17 20:19:29',11,-84.4485940,-1.6630660,'private'),('2025-03-19 12:37:33','2025-03-25 06:28:27',10,130.7797040,20.5746030,'private'),('2025-03-20 01:51:10','2025-03-20 01:51:10',1,-75.6499920,18.7076965,'public'),('2025-03-24 07:03:36','2025-03-24 07:03:36',6,-164.4817750,-71.7002570,'public'),('2025-03-25 17:46:46','2025-03-25 17:46:46',4,53.4454490,84.5454715,'private'),('2025-03-26 06:58:13','2025-03-31 05:12:06',10,99.7627720,-0.2277540,'private'),('2025-03-27 04:13:50','2025-03-27 04:13:50',22,-10.6188540,-55.6663455,'public'),('2025-03-31 17:07:01','2025-03-31 17:07:01',19,53.7711370,-57.2779915,'private'),('2025-04-08 15:56:33','2025-04-08 15:56:33',50,-0.4539930,-54.0009530,'public'),('2025-04-09 03:05:10','2025-04-11 17:27:01',37,146.9970580,-3.0233495,'public'),('2025-04-11 07:02:33','2025-04-11 07:02:33',11,-143.3371110,81.5645445,'public'),('2025-04-11 16:24:27','2025-04-11 16:24:27',3,153.0493930,-35.9933470,'public'),('2025-04-12 19:13:45','2025-04-15 10:32:40',37,-91.2730840,-69.0253060,'public'),('2025-04-15 10:20:46','2025-04-15 10:20:46',17,-119.9616690,46.3307305,'private'),('2025-04-16 04:25:54','2025-04-16 04:25:54',7,23.8519700,13.3775915,'private'),('2025-04-18 22:57:58','2025-04-19 02:10:56',41,-111.7773450,-24.9046625,'private'),('2025-04-21 03:53:47','2025-04-26 06:38:57',34,-142.2212260,18.3743255,'private'),('2025-04-22 00:43:20','2025-04-25 19:57:55',34,-165.0224070,37.4006520,'private'),('2025-04-22 20:05:47','2025-04-25 00:52:16',37,127.6607030,38.7714260,'private'),('2025-04-25 00:26:53','2025-04-25 00:26:53',37,-151.2389930,-70.8117430,'public'),('2025-04-25 01:49:55','2025-04-27 00:41:58',34,65.5947570,38.2714230,'private'),('2025-04-25 11:25:54','2025-04-25 11:25:54',4,50.3394750,-24.0302865,'public'),('2025-04-26 06:06:19','2025-04-26 06:06:19',45,-172.1007180,-55.1693175,'public'),('2025-04-29 12:29:28','2025-04-29 13:29:08',5,99.3450010,-26.0094985,'public'),('2025-04-30 23:16:20','2025-04-30 23:16:20',27,38.2607350,75.8576045,'private'),('2025-05-01 16:08:29','2025-05-01 16:08:29',25,-58.3809010,29.4910845,'private'),('2025-05-02 08:33:04','2025-05-02 08:33:04',25,-79.4268380,52.4660155,'public'),('2025-05-02 21:20:57','2025-05-02 21:20:57',10,95.2075580,-48.3009855,'private'),('2025-05-06 00:35:54','2025-05-06 00:35:54',4,-101.8651730,-62.0444400,'public'),('2025-05-06 18:53:59','2025-05-06 18:53:59',34,-99.7116170,-16.3928385,'public'),('2025-05-10 04:58:38','2025-05-10 04:58:38',3,-163.8081950,58.4547720,'public'),('2025-05-11 19:10:30','2025-05-11 19:10:30',4,-89.9017700,8.2168265,'private'),('2025-05-11 21:26:30','2025-05-11 21:26:30',3,75.5631710,-64.5680650,'public'),('2025-05-13 16:52:05','2025-05-13 16:52:05',10,-63.5782240,-80.9871760,'public'),('2025-05-13 19:17:09','2025-05-13 19:17:09',37,86.7445070,36.6819065,'private');
/*!40000 ALTER TABLE `PapMap` ENABLE KEYS */;
UNLOCK TABLES;

--
-- Table structure for table `Pengguna`
--

DROP TABLE IF EXISTS `Pengguna`;
/*!40101 SET @saved_cs_client     = @@character_set_client */;
/*!50503 SET character_set_client = utf8mb4 */;
CREATE TABLE `Pengguna` (
  `id_user` int(11) NOT NULL AUTO_INCREMENT,
  `id_level` int(11) DEFAULT NULL,
  `email` varchar(100) NOT NULL,
  `username` varchar(100) NOT NULL,
  `no_telp` varchar(100) NOT NULL,
  `tanggal_lahir` date NOT NULL,
  `tanggal_pembuatan` timestamp NULL DEFAULT current_timestamp(),
  `password` varchar(255) NOT NULL,
  PRIMARY KEY (`id_user`),
  UNIQUE KEY `email` (`email`),
  KEY `id_level` (`id_level`),
  CONSTRAINT `Pengguna_ibfk_1` FOREIGN KEY (`id_level`) REFERENCES `Level` (`id_level`)
) ENGINE=InnoDB AUTO_INCREMENT=51 DEFAULT CHARSET=utf8mb4 COLLATE=utf8mb4_uca1400_ai_ci;
/*!40101 SET character_set_client = @saved_cs_client */;

--
-- Dumping data for table `Pengguna`
--

LOCK TABLES `Pengguna` WRITE;
/*!40000 ALTER TABLE `Pengguna` DISABLE KEYS */;
INSERT INTO `Pengguna` VALUES (1,2,'pradanaasmuni@example.com','yoshidamanabu','070-9821-4590','2000-01-08','2022-08-19 00:00:00','l8VW9BbR%U'),(2,0,'yosuke19@example.com','richardfrank','18-7675-2742','1975-01-17','2023-09-11 00:00:00','%84vADssxX'),(3,2,'judypeterson@example.com','adhiarja94','0802418418','1974-02-21','2025-02-11 00:00:00','Fmz_MVku#7'),(4,3,'zusamah@example.org','sanderssierra','080-8773-6947','1982-06-28','2025-01-04 00:00:00','_3(!ExOR6u'),(5,2,'cgordon@example.org','raycassandra','070-9469-0276','2007-09-24','2025-02-05 00:00:00','h2bBjB(L+4'),(6,0,'tomoya58@example.com','jogawa','49-8955-7310','1974-11-25','2023-11-20 00:00:00','uT6lD%ve8*'),(7,2,'gikeda@example.org','lcampos','+62 (029) 159-4000','1984-12-12','2023-06-10 00:00:00','ReQVF79o$7'),(8,0,'akemimatsumoto@example.org','thamrinkala','070-0318-0697','2012-08-28','2022-11-11 00:00:00','dt7V&ulPJ_'),(9,0,'wasitaella@example.org','jamalmandasari','+62 (170) 151 6566','2003-03-15','2022-08-08 00:00:00','R7H6ZIlx^E'),(10,2,'yprabowo@example.com','yuiishikawa','(415)839-2242','1995-07-25','2025-01-14 00:00:00','h9ll4Kkn_d'),(11,0,'asmunimandala@example.net','astutitami','+62-0973-084-9513','1964-08-15','2023-11-22 00:00:00','&WjxND2jO6'),(12,2,'uutami@example.net','etanaka','27-0583-4268','1965-02-14','2022-08-10 00:00:00','8!mNyEkv&0'),(13,1,'zsalazar@example.net','kaori76','+1-249-472-8856x51922','1966-08-16','2022-12-31 00:00:00','+E08BZUz45'),(14,2,'zbrown@example.com','wadecynthia','+62-0512-994-1566','1998-03-18','2024-03-05 00:00:00','RI8*4!Emr$'),(15,1,'ajimatsaptono@example.com','sotaro18','070-9755-5189','2000-08-04','2023-01-20 00:00:00','#Y_NQ9Coz)'),(16,1,'hutasoitmitra@example.com','vpratama','080-3100-1334','2003-08-17','2023-03-18 00:00:00','$&5x)gDuTb'),(17,1,'naoto64@example.org','gregorylauren','070-5779-3646','1999-05-18','2024-10-19 00:00:00','((5FdariMP'),(18,0,'mcdonaldbrandon@example.net','yosuke30','001-592-491-3852x85728','1979-02-02','2023-01-19 00:00:00','^8rN^Som0H'),(19,2,'nashiruddindanuja@example.net','nainggolanrespati','+62 (056) 992 3846','1985-06-27','2024-11-28 00:00:00','@5$^*4Ls(q'),(20,0,'jenniferclark@example.net','tampubolondanu','(033) 383 6044','1975-03-27','2024-04-14 00:00:00','!Z38Y(yda!'),(21,1,'yamamotoatsushi@example.net','yolandayunita','9448087471','2000-11-19','2023-05-12 00:00:00','1KeIT4Rv6*'),(22,0,'chiyo27@example.com','akira25','0804474166','1979-11-27','2024-12-02 00:00:00','*vWNastYf6'),(23,0,'ibunrahmawati@example.net','nmarpaung','(685)721-5889','1984-04-28','2022-07-18 00:00:00','Xl91HjmS$r'),(24,3,'rharrell@example.org','dindasitorus','070-1353-2675','1982-07-01','2022-11-12 00:00:00','7j+GAtLo!6'),(25,3,'nababansyahrini@example.org','pfukuda','090-0145-3117','1994-08-19','2024-06-22 00:00:00','+JYj9LLrQ3'),(26,1,'grahimah@example.org','linda83','070-2847-0271','1965-01-28','2022-11-24 00:00:00','6+xTzuin%4'),(27,0,'makarawidodo@example.org','waynejohnson','(0687) 223 1169','1974-08-24','2023-10-28 00:00:00','^l@TBy5q8I'),(28,2,'jamal55@example.org','yamadatomoya','+1-208-695-0750x145','2001-11-08','2023-06-19 00:00:00','1)%NBLhG$8'),(29,0,'johnguzman@example.org','michael10','(0776) 823 0633','1983-04-14','2023-02-18 00:00:00','_1LOLzEa4p'),(30,2,'naokomori@example.net','aoneill','001-537-638-9864','1988-08-16','2022-08-17 00:00:00','%**ALw988p'),(31,3,'sfreeman@example.com','debra62','+62 (0903) 696 6665','2004-04-03','2024-03-10 00:00:00','+ax7L9nUoB'),(32,0,'kbass@example.org','dustinlevy','+1-803-530-6587x2390','1966-04-18','2024-08-29 00:00:00','P7!mZB9k@L'),(33,1,'mariahariyah@example.org','humphreyzachary','090-6983-6798','1967-07-22','2022-11-28 00:00:00','^V4xKZFuwJ'),(34,3,'joneschristopher@example.com','hsasaki','080-3087-4955','1978-11-10','2025-04-20 00:00:00','Cva$0Zbz0_'),(35,2,'ranggriawan@example.org','natalianurdiyanti','090-5440-7543','1978-06-24','2022-08-26 00:00:00','%0^jiGdu+M'),(36,0,'narjipuspasari@example.com','firgantoroslamet','070-4874-3160','1977-12-09','2024-09-24 00:00:00','0#9AZlAMMz'),(37,3,'anthonydaniels@example.net','hsuzuki','070-3823-4093','1980-11-10','2025-04-07 00:00:00','&3mDPhimu0'),(38,0,'imam72@example.net','haustin','090-2748-0042','2009-03-10','2023-06-27 00:00:00','@7AprZ*N+2'),(39,3,'takahashiyuta@example.com','vanesahalimah','761-932-3640x8264','2004-08-10','2023-03-06 00:00:00','B8WsPybc(F'),(40,0,'akemi96@example.com','chelsea02','+62 (091) 801-9006','1988-03-19','2024-11-16 00:00:00','UoA8MlY+T@'),(41,2,'timothymarshall@example.com','susantibakti','+62-034-342-0248','2007-11-26','2023-10-05 00:00:00','@CTTed$t*7'),(42,3,'ukobayashi@example.com','brianamiller','(374)293-4065x4695','2012-12-16','2023-06-17 00:00:00','k8Ni_weK+P'),(43,2,'tanya82@example.com','cutama','(033) 184 6129','1964-07-12','2022-11-07 00:00:00','OmzbfuCi(0'),(44,1,'widiastutiuda@example.com','lanangyulianti','+62 (069) 192 7831','1984-07-16','2023-01-28 00:00:00','4v(C1Lj*&U'),(45,3,'xagustina@example.net','usyi63','+62 (0037) 010-9553','2009-08-04','2025-01-27 00:00:00','u2vQdCvl^I'),(46,3,'raden45@example.org','jailanikalim','(036) 642-6004','2011-09-29','2023-09-08 00:00:00','LTV4gHNm&7'),(47,0,'dpradipta@example.org','mlewis','090-4545-2496','1976-06-09','2023-08-05 00:00:00','1lNWQw#4!m'),(48,1,'robertwatson@example.com','douglasjared','+62 (31) 324-4787','1989-07-20','2023-11-06 00:00:00','11&DCOMk#o'),(49,0,'zacharysimpson@example.org','deborah67','+62 (003) 062-6175','1993-07-17','2024-03-08 00:00:00','*&g0bFu5!a'),(50,0,'hasegawayuta@example.com','janehidayat','91-5635-1858','2000-02-25','2024-11-27 00:00:00','(7TYA$fdBd');
/*!40000 ALTER TABLE `Pengguna` ENABLE KEYS */;
UNLOCK TABLES;

--
-- Table structure for table `Premium`
--

DROP TABLE IF EXISTS `Premium`;
/*!40101 SET @saved_cs_client     = @@character_set_client */;
/*!50503 SET character_set_client = utf8mb4 */;
CREATE TABLE `Premium` (
  `subscription_number` int(11) NOT NULL,
  `id_user` int(11) NOT NULL,
  `tanggal_subscribe` date NOT NULL,
  `tanggal_expired` date NOT NULL,
  `status` varchar(50) NOT NULL,
  PRIMARY KEY (`subscription_number`,`id_user`),
  KEY `id_user` (`id_user`),
  CONSTRAINT `Premium_ibfk_1` FOREIGN KEY (`id_user`) REFERENCES `Pengguna` (`id_user`)
) ENGINE=InnoDB DEFAULT CHARSET=utf8mb4 COLLATE=utf8mb4_uca1400_ai_ci;
/*!40101 SET character_set_client = @saved_cs_client */;

--
-- Dumping data for table `Premium`
--

LOCK TABLES `Premium` WRITE;
/*!40000 ALTER TABLE `Premium` DISABLE KEYS */;
INSERT INTO `Premium` VALUES (1,1,'2023-10-17','2025-03-12','inactive'),(1,2,'2025-01-05','2025-03-04','inactive'),(1,3,'2025-05-04','2025-05-04','inactive'),(1,4,'2025-04-18','2025-04-19','inactive'),(1,7,'2025-04-21','2025-05-09','inactive'),(1,8,'2023-09-17','2024-05-14','inactive'),(1,11,'2024-06-01','2024-10-21','inactive'),(1,12,'2023-10-07','2023-11-12','active'),(1,13,'2024-08-10','2024-08-16','inactive'),(1,16,'2023-03-21','2025-04-25','inactive'),(1,17,'2025-01-12','2025-02-06','active'),(1,19,'2025-04-03','2025-05-14','active'),(1,20,'2025-01-12','2025-05-01','active'),(1,21,'2024-06-07','2024-10-12','active'),(1,22,'2025-03-20','2025-04-13','inactive'),(1,23,'2024-11-20','2025-04-05','active'),(1,24,'2023-06-03','2024-12-08','inactive'),(1,25,'2025-02-18','2025-04-26','inactive'),(1,26,'2023-09-21','2024-11-23','inactive'),(1,27,'2024-01-21','2024-07-15','active'),(1,28,'2023-09-15','2024-07-07','inactive'),(1,29,'2024-05-13','2024-06-09','active'),(1,30,'2024-07-18','2024-10-26','active'),(1,31,'2025-02-20','2025-04-08','active'),(1,32,'2024-09-12','2024-12-07','active'),(1,33,'2024-08-28','2025-02-04','active'),(1,34,'2025-05-11','2025-05-13','inactive'),(1,38,'2024-01-12','2024-07-01','inactive'),(1,39,'2024-02-04','2024-06-04','active'),(1,40,'2024-12-25','2024-12-28','active'),(1,41,'2023-11-01','2024-09-03','active'),(1,42,'2024-07-22','2025-04-15','active'),(1,43,'2023-08-13','2024-05-25','inactive'),(1,44,'2024-09-13','2024-11-08','inactive'),(1,46,'2024-03-15','2025-02-14','inactive'),(1,47,'2025-04-12','2025-04-27','active'),(1,48,'2024-09-01','2025-02-05','active'),(1,49,'2024-03-08','2024-11-06','inactive'),(1,50,'2025-04-13','2025-05-13','active'),(2,1,'2025-05-14','2025-05-15','active'),(2,2,'2025-05-06','2025-05-08','inactive'),(2,3,'2025-05-05','2025-05-14','inactive'),(2,4,'2025-05-04','2025-05-07','inactive'),(2,8,'2024-06-22','2025-02-14','inactive'),(2,12,'2024-03-07','2024-12-17','active'),(2,13,'2024-12-12','2025-02-24','active'),(2,19,'2025-05-14','2025-05-14','active'),(2,20,'2025-05-06','2025-05-08','active'),(2,21,'2025-02-27','2025-03-14','active'),(2,23,'2025-04-09','2025-04-25','inactive'),(2,24,'2025-01-27','2025-04-13','inactive'),(2,25,'2025-05-14','2025-05-14','inactive'),(2,26,'2025-01-17','2025-05-08','active'),(2,27,'2024-12-03','2025-04-21','inactive'),(2,29,'2024-09-09','2025-04-07','active'),(2,30,'2025-04-05','2025-05-04','inactive'),(2,31,'2025-04-17','2025-04-17','inactive'),(2,34,'2025-05-13','2025-05-13','inactive'),(2,38,'2024-08-08','2025-02-20','active'),(2,39,'2024-10-21','2024-11-14','active'),(2,40,'2025-02-07','2025-04-08','inactive'),(2,43,'2025-02-16','2025-05-06','active'),(2,44,'2025-04-01','2025-04-09','inactive'),(2,47,'2025-05-07','2025-05-09','active'),(2,48,'2025-03-22','2025-05-10','inactive'),(2,49,'2025-02-12','2025-04-02','inactive'),(2,50,'2025-05-14','2025-05-14','inactive'),(3,1,'2025-05-15','2025-05-15','inactive'),(3,2,'2025-05-12','2025-05-12','inactive'),(3,3,'2025-05-14','2025-05-14','active'),(3,4,'2025-05-15','2025-05-15','active'),(3,12,'2025-04-04','2025-04-11','inactive'),(3,13,'2025-03-04','2025-03-27','inactive'),(3,19,'2025-05-15','2025-05-15','inactive'),(3,20,'2025-05-12','2025-05-13','active'),(3,21,'2025-04-13','2025-05-13','inactive'),(3,25,'2025-05-14','2025-05-14','active'),(3,27,'2025-04-22','2025-05-04','inactive'),(3,29,'2025-05-05','2025-05-15','inactive'),(3,31,'2025-05-07','2025-05-13','active'),(3,34,'2025-05-15','2025-05-15','inactive'),(3,40,'2025-04-27','2025-04-30','active'),(3,43,'2025-05-07','2025-05-13','active'),(3,48,'2025-05-11','2025-05-14','active'),(3,49,'2025-04-22','2025-05-08','inactive'),(3,50,'2025-05-14','2025-05-14','active');
/*!40000 ALTER TABLE `Premium` ENABLE KEYS */;
UNLOCK TABLES;

--
-- Table structure for table `RoomChat`
--

DROP TABLE IF EXISTS `RoomChat`;
/*!40101 SET @saved_cs_client     = @@character_set_client */;
/*!50503 SET character_set_client = utf8mb4 */;
CREATE TABLE `RoomChat` (
  `id_room_chat` int(11) NOT NULL AUTO_INCREMENT,
  `nama_room_chat` varchar(100) DEFAULT NULL,
  `tanggal_pembuatan` date NOT NULL,
  PRIMARY KEY (`id_room_chat`)
) ENGINE=InnoDB AUTO_INCREMENT=51 DEFAULT CHARSET=utf8mb4 COLLATE=utf8mb4_uca1400_ai_ci;
/*!40101 SET character_set_client = @saved_cs_client */;

--
-- Dumping data for table `RoomChat`
--

LOCK TABLES `RoomChat` WRITE;
/*!40000 ALTER TABLE `RoomChat` DISABLE KEYS */;
INSERT INTO `RoomChat` VALUES (1,'Ut nulla quidem id.','2024-07-31'),(2,'今日今日ベルベット索引バーゲン。','2023-09-28'),(3,'Song skin attorney.','2024-08-29'),(4,'Corporis commodi.','2022-06-10'),(5,'Sapiente sapiente.','2025-03-24'),(6,'Expedita incidunt.','2024-02-13'),(7,'Step democratic.','2023-12-11'),(8,'A quas harum.','2024-02-13'),(9,'Memory task human.','2022-06-29'),(10,'Plant every black.','2024-12-07'),(11,'Alias adipisci.','2023-07-08'),(12,'Yard same price.','2024-11-27'),(13,'品質協力建築指名教授ボトル狐マリン。','2024-07-28'),(14,'Aliquam repellat.','2024-12-18'),(15,'電池欠乏フェミニスト戦略的転倒ソース尿。','2023-03-27'),(16,'Plan their capital.','2024-11-03'),(17,'Ad aspernatur.','2024-09-03'),(18,'埋め込むスマッシュ創傷式リフト鉱山舗装。','2023-06-09'),(19,'Short fact outside.','2023-02-19'),(20,'Voluptatum.','2023-04-30'),(21,'Everything book.','2023-09-28'),(22,'Autem deserunt.','2024-08-17'),(23,'Numquam quibusdam.','2024-09-12'),(24,'Sit tell after.','2023-03-12'),(25,'Operation effect.','2023-04-15'),(26,'Ea ea consequatur.','2023-06-01'),(27,'マリン極端な意図彼楽しんで省略。','2023-03-06'),(28,'拡張賞賛する保証金バスケット倫理狐。','2024-05-30'),(29,'埋め込むキャビネット教会月溝主婦画面。','2023-10-24'),(30,'Sapiente.','2022-06-02'),(31,'Officia dolorem.','2023-06-28'),(32,'戦略的省略残る擁する連続ジャーナル。','2025-01-17'),(33,'Repellat hic.','2024-03-21'),(34,'雪電話行進数字は主人管理する暖かい憲法。','2024-08-27'),(35,'Morning free.','2023-03-17'),(36,'Seven land finish.','2024-08-25'),(37,'怒り連続厳しい敵対的な不自然なスキーム。','2024-03-25'),(38,'Minus molestias.','2022-09-23'),(39,'Task fight couple.','2025-05-09'),(40,'指名花嫁リフトハードウェア特徴犯罪者。','2025-04-24'),(41,'中世ヒール葉バケツハンマー移動装置主人。','2025-05-07'),(42,'Artist form.','2023-03-02'),(43,'Do visit never.','2024-12-25'),(44,'主婦緩む評議会器官評議会バス転倒クール。','2023-05-25'),(45,'Deserunt aperiam.','2024-07-14'),(46,'Laboriosam.','2023-01-05'),(47,'Option start bag.','2023-09-26'),(48,'Require reflect.','2024-03-30'),(49,'Cupiditate harum.','2023-07-19'),(50,'Represent fish rich.','2025-01-09');
/*!40000 ALTER TABLE `RoomChat` ENABLE KEYS */;
UNLOCK TABLES;

--
-- Table structure for table `TergabungDalam`
--

DROP TABLE IF EXISTS `TergabungDalam`;
/*!40101 SET @saved_cs_client     = @@character_set_client */;
/*!50503 SET character_set_client = utf8mb4 */;
CREATE TABLE `TergabungDalam` (
  `id_user` int(11) NOT NULL,
  `id_room_chat` int(11) NOT NULL,
  `tanggal_bergabung` date NOT NULL,
  PRIMARY KEY (`id_user`,`id_room_chat`),
  KEY `id_room_chat` (`id_room_chat`),
  CONSTRAINT `TergabungDalam_ibfk_1` FOREIGN KEY (`id_user`) REFERENCES `Pengguna` (`id_user`),
  CONSTRAINT `TergabungDalam_ibfk_2` FOREIGN KEY (`id_room_chat`) REFERENCES `RoomChat` (`id_room_chat`)
) ENGINE=InnoDB DEFAULT CHARSET=utf8mb4 COLLATE=utf8mb4_uca1400_ai_ci;
/*!40101 SET character_set_client = @saved_cs_client */;

--
-- Dumping data for table `TergabungDalam`
--

LOCK TABLES `TergabungDalam` WRITE;
/*!40000 ALTER TABLE `TergabungDalam` DISABLE KEYS */;
INSERT INTO `TergabungDalam` VALUES (1,8,'2024-06-30'),(1,24,'2024-03-26'),(1,43,'2025-05-14'),(1,48,'2024-09-27'),(2,16,'2025-01-11'),(2,23,'2025-03-16'),(3,39,'2025-05-11'),(3,40,'2025-04-26'),(3,41,'2025-05-15'),(4,5,'2025-04-09'),(4,39,'2025-05-14'),(4,40,'2025-04-29'),(4,41,'2025-05-15'),(4,50,'2025-01-23'),(5,5,'2025-04-15'),(5,39,'2025-05-13'),(5,40,'2025-05-15'),(5,41,'2025-05-15'),(6,34,'2025-02-17'),(6,37,'2024-03-27'),(6,40,'2025-05-03'),(6,48,'2024-06-22'),(7,5,'2025-05-03'),(7,23,'2025-01-02'),(8,10,'2025-04-24'),(8,13,'2025-05-09'),(8,23,'2025-02-20'),(9,19,'2024-01-24'),(10,5,'2025-04-13'),(10,32,'2025-04-22'),(10,39,'2025-05-11'),(10,40,'2025-04-26'),(10,41,'2025-05-10'),(11,16,'2025-01-12'),(12,44,'2023-09-19'),(13,8,'2024-12-28'),(13,36,'2024-12-06'),(14,14,'2025-02-02'),(14,37,'2024-05-31'),(15,1,'2024-08-20'),(15,37,'2024-08-26'),(16,36,'2024-11-29'),(17,5,'2025-04-03'),(17,12,'2025-01-11'),(17,14,'2025-02-18'),(18,7,'2024-06-18'),(18,13,'2024-10-03'),(18,18,'2025-03-08'),(18,26,'2025-03-01'),(18,34,'2024-09-06'),(19,41,'2025-05-11'),(20,12,'2025-03-05'),(20,14,'2025-01-15'),(20,36,'2025-05-12'),(20,39,'2025-05-10'),(20,45,'2024-08-11'),(21,18,'2024-03-07'),(21,23,'2024-10-28'),(21,29,'2024-02-11'),(21,47,'2025-01-10'),(21,50,'2025-02-01'),(22,39,'2025-05-14'),(22,41,'2025-05-14'),(22,43,'2025-03-02'),(22,50,'2025-01-16'),(23,12,'2025-02-24'),(23,37,'2025-03-23'),(23,39,'2025-05-13'),(24,3,'2025-01-10'),(24,20,'2023-05-17'),(24,35,'2023-10-23'),(25,5,'2025-04-24'),(25,22,'2025-04-25'),(25,34,'2025-03-26'),(25,39,'2025-05-15'),(25,50,'2025-04-30'),(26,1,'2024-11-15'),(26,16,'2025-01-25'),(27,5,'2025-04-09'),(27,7,'2024-06-07'),(27,13,'2024-12-05'),(27,36,'2025-02-04'),(28,8,'2025-05-11'),(28,17,'2025-05-09'),(28,34,'2024-12-15'),(28,47,'2024-08-26'),(29,32,'2025-03-18'),(29,47,'2024-10-13'),(30,22,'2025-04-14'),(30,25,'2023-04-30'),(30,32,'2025-01-18'),(30,37,'2025-03-28'),(31,17,'2025-03-12'),(31,28,'2024-12-02'),(31,34,'2025-04-13'),(31,48,'2024-09-13'),(32,41,'2025-05-08'),(33,28,'2024-12-22'),(34,39,'2025-05-14'),(34,40,'2025-04-26'),(34,41,'2025-05-15'),(35,11,'2024-09-15'),(35,37,'2025-05-13'),(36,16,'2025-02-17'),(37,39,'2025-05-14'),(37,40,'2025-05-10'),(37,41,'2025-05-12'),(38,2,'2025-03-25'),(38,16,'2025-02-16'),(38,22,'2024-11-07'),(38,47,'2024-09-15'),(39,24,'2023-05-06'),(40,5,'2025-03-24'),(40,41,'2025-05-15'),(41,1,'2024-11-07'),(41,43,'2025-01-01'),(42,11,'2025-01-10'),(42,16,'2025-03-13'),(42,37,'2024-07-19'),(43,29,'2024-02-28'),(44,11,'2025-04-30'),(44,13,'2025-04-29'),(44,16,'2025-03-13'),(44,37,'2025-01-30'),(44,42,'2023-06-20'),(45,5,'2025-04-10'),(45,39,'2025-05-14'),(45,40,'2025-05-03'),(45,41,'2025-05-07'),(46,3,'2024-09-10'),(46,7,'2025-04-22'),(46,13,'2025-02-17'),(46,22,'2024-08-25'),(47,2,'2024-04-02'),(47,34,'2024-09-05'),(47,37,'2024-05-05'),(47,40,'2025-05-06'),(48,3,'2025-05-12'),(48,32,'2025-03-06'),(48,33,'2024-09-29'),(48,41,'2025-05-07'),(48,48,'2024-06-17'),(49,32,'2025-03-26'),(49,33,'2024-11-13'),(49,41,'2025-05-07'),(49,43,'2025-04-04'),(49,45,'2024-08-22'),(50,43,'2025-05-10');
/*!40000 ALTER TABLE `TergabungDalam` ENABLE KEYS */;
UNLOCK TABLES;

--
-- Table structure for table `TipeLensa`
--

DROP TABLE IF EXISTS `TipeLensa`;
/*!40101 SET @saved_cs_client     = @@character_set_client */;
/*!50503 SET character_set_client = utf8mb4 */;
CREATE TABLE `TipeLensa` (
  `id_lens` int(11) NOT NULL,
  `tipe_lensa` varchar(50) NOT NULL,
  PRIMARY KEY (`id_lens`,`tipe_lensa`),
  CONSTRAINT `TipeLensa_ibfk_1` FOREIGN KEY (`id_lens`) REFERENCES `Lens` (`id_lens`)
) ENGINE=InnoDB DEFAULT CHARSET=utf8mb4 COLLATE=utf8mb4_uca1400_ai_ci;
/*!40101 SET character_set_client = @saved_cs_client */;

--
-- Dumping data for table `TipeLensa`
--

LOCK TABLES `TipeLensa` WRITE;
/*!40000 ALTER TABLE `TipeLensa` DISABLE KEYS */;
INSERT INTO `TipeLensa` VALUES (1,'background'),(2,'both'),(3,'face'),(4,'background'),(5,'both'),(6,'both'),(7,'none'),(8,'face'),(9,'none'),(10,'face'),(11,'both'),(12,'background'),(13,'face'),(14,'face'),(15,'background'),(16,'none'),(17,'none'),(18,'both'),(19,'background'),(20,'background'),(21,'both'),(22,'face'),(23,'background'),(24,'background'),(25,'face'),(26,'both'),(27,'both'),(28,'background'),(29,'face'),(30,'both'),(31,'face'),(32,'none'),(33,'both'),(34,'face'),(35,'background'),(36,'background'),(37,'both'),(38,'both'),(39,'background'),(40,'none'),(41,'both'),(42,'both'),(43,'face'),(44,'none'),(45,'background'),(46,'both'),(47,'background'),(48,'face'),(49,'background'),(50,'background'),(51,'both'),(52,'none'),(53,'face'),(54,'both'),(55,'background'),(56,'none'),(57,'both'),(58,'both'),(59,'both'),(60,'background'),(61,'both'),(62,'both'),(63,'background'),(64,'none'),(65,'background'),(66,'none'),(67,'both'),(68,'background'),(69,'none'),(70,'none'),(71,'background'),(72,'face'),(73,'both'),(74,'face'),(75,'face'),(76,'both'),(77,'both'),(78,'face'),(79,'face'),(80,'both'),(81,'background'),(82,'none'),(83,'face'),(84,'face'),(85,'face'),(86,'none'),(87,'both'),(88,'background'),(89,'both'),(90,'both'),(91,'both'),(92,'none'),(93,'none'),(94,'none'),(95,'background'),(96,'background'),(97,'background'),(98,'both'),(99,'background'),(100,'none'),(101,'none'),(102,'both'),(103,'background'),(104,'both'),(105,'both'),(106,'none'),(107,'none'),(108,'background'),(109,'none'),(110,'both'),(111,'background'),(112,'face'),(113,'none'),(114,'both'),(115,'both'),(116,'none'),(117,'face'),(118,'none'),(119,'both'),(120,'none'),(121,'background'),(122,'background'),(123,'face'),(124,'none'),(125,'both'),(126,'both'),(127,'background'),(128,'background'),(129,'background'),(130,'face'),(131,'none'),(132,'background'),(133,'none'),(134,'both'),(135,'both'),(136,'both'),(137,'face'),(138,'none'),(139,'both'),(140,'face'),(141,'background'),(142,'none'),(143,'none'),(144,'face'),(145,'both'),(146,'both'),(147,'none'),(148,'background'),(149,'none'),(150,'both'),(151,'both'),(152,'none'),(153,'face'),(154,'background'),(155,'face'),(156,'none'),(157,'both'),(158,'both'),(159,'none'),(160,'face'),(161,'both'),(162,'both'),(163,'none'),(164,'background'),(165,'background'),(166,'background'),(167,'none'),(168,'face'),(169,'background'),(170,'none'),(171,'both'),(172,'face'),(173,'both'),(174,'background'),(175,'none'),(176,'background'),(177,'background'),(178,'background'),(179,'face'),(180,'both'),(181,'none'),(182,'both'),(183,'both'),(184,'both'),(185,'background'),(186,'both'),(187,'both'),(188,'face'),(189,'none'),(190,'none'),(191,'none'),(192,'none'),(193,'background'),(194,'both'),(195,'both'),(196,'none'),(197,'background'),(198,'face'),(199,'both'),(200,'none'),(201,'background'),(202,'both'),(203,'none'),(204,'background'),(205,'both'),(206,'both'),(207,'background'),(208,'both'),(209,'background'),(210,'both'),(211,'face'),(212,'face'),(213,'none'),(214,'both'),(215,'background'),(216,'background'),(217,'face'),(218,'background'),(219,'background'),(220,'background'),(221,'background'),(222,'background'),(223,'none'),(224,'background'),(225,'none'),(226,'background'),(227,'background'),(228,'none'),(229,'none'),(230,'none'),(231,'background'),(232,'face'),(233,'none'),(234,'face'),(235,'none'),(236,'background'),(237,'none'),(238,'background'),(239,'both'),(240,'both'),(241,'background'),(242,'none'),(243,'none'),(244,'none'),(245,'both'),(246,'background'),(247,'none'),(248,'background'),(249,'background'),(250,'none'),(251,'both'),(252,'background'),(253,'both'),(254,'both'),(255,'none'),(256,'none'),(257,'both'),(258,'background'),(259,'face'),(260,'both'),(261,'both'),(262,'face'),(263,'face'),(264,'background'),(265,'both'),(266,'both'),(267,'both'),(268,'both'),(269,'both'),(270,'background'),(271,'background'),(272,'both'),(273,'none'),(274,'none'),(275,'both'),(276,'both'),(277,'face'),(278,'background'),(279,'both'),(280,'face'),(281,'background'),(282,'background'),(283,'background'),(284,'none'),(285,'background'),(286,'both'),(287,'none'),(288,'none'),(289,'face'),(290,'both'),(291,'both'),(292,'none'),(293,'both'),(294,'none'),(295,'face'),(296,'none'),(297,'background'),(298,'both'),(299,'both'),(300,'background'),(301,'none'),(302,'none'),(303,'face'),(304,'face'),(305,'none'),(306,'face'),(307,'face'),(308,'face'),(309,'background'),(310,'none'),(311,'both'),(312,'face'),(313,'background'),(314,'face'),(315,'none'),(316,'face'),(317,'both'),(318,'none'),(319,'background'),(320,'background'),(321,'none'),(322,'background'),(323,'face'),(324,'both'),(325,'none'),(326,'both'),(327,'background'),(328,'background'),(329,'face'),(330,'none'),(331,'none'),(332,'none'),(333,'none'),(334,'face'),(335,'both'),(336,'face'),(337,'background'),(338,'face'),(339,'face'),(340,'both'),(341,'face'),(342,'background'),(343,'face'),(344,'background'),(345,'both'),(346,'none'),(347,'none'),(348,'none'),(349,'background'),(350,'both'),(351,'background'),(352,'face'),(353,'face'),(354,'none'),(355,'both'),(356,'both'),(357,'both'),(358,'background'),(359,'none'),(360,'background'),(361,'both'),(362,'background'),(363,'face'),(364,'none'),(365,'background'),(366,'both'),(367,'face'),(368,'face'),(369,'background'),(370,'none'),(371,'face'),(372,'background'),(373,'face'),(374,'none'),(375,'none'),(376,'face'),(377,'background'),(378,'background'),(379,'none'),(380,'background'),(381,'face'),(382,'background'),(383,'both'),(384,'face'),(385,'both'),(386,'both'),(387,'background'),(388,'none'),(389,'none'),(390,'both'),(391,'none'),(392,'face'),(393,'face'),(394,'both'),(395,'face'),(396,'none'),(397,'none'),(398,'face'),(399,'face'),(400,'face'),(401,'none'),(402,'both'),(403,'background'),(404,'face'),(405,'background'),(406,'face'),(407,'none'),(408,'both'),(409,'background'),(410,'background'),(411,'none'),(412,'none'),(413,'both'),(414,'background'),(415,'face'),(416,'both'),(417,'none'),(418,'both'),(419,'background'),(420,'both'),(421,'background'),(422,'face'),(423,'face'),(424,'background'),(425,'face'),(426,'none'),(427,'face'),(428,'both'),(429,'both'),(430,'both'),(431,'background'),(432,'none'),(433,'both'),(434,'none'),(435,'both'),(436,'both'),(437,'background'),(438,'none'),(439,'none'),(440,'background'),(441,'face'),(442,'none'),(443,'none'),(444,'background'),(445,'face'),(446,'both'),(447,'background'),(448,'none'),(449,'background'),(450,'both'),(451,'both'),(452,'both'),(453,'background'),(454,'none'),(455,'both'),(456,'face'),(457,'none'),(458,'none'),(459,'background'),(460,'face'),(461,'face'),(462,'both'),(463,'both'),(464,'background'),(465,'background'),(466,'face'),(467,'face'),(468,'none'),(469,'none'),(470,'both'),(471,'none'),(472,'face'),(473,'face'),(474,'both'),(475,'none'),(476,'face'),(477,'none'),(478,'both'),(479,'both'),(480,'none'),(481,'background'),(482,'background'),(483,'both'),(484,'background'),(485,'none'),(486,'background'),(487,'face'),(488,'background'),(489,'face'),(490,'face'),(491,'none'),(492,'face'),(493,'none'),(494,'background'),(495,'background'),(496,'face'),(497,'both'),(498,'face'),(499,'background'),(500,'both'),(501,'background'),(502,'both'),(503,'background'),(504,'face'),(505,'face'),(506,'both'),(507,'background'),(508,'both'),(509,'none'),(510,'none'),(511,'face'),(512,'background'),(513,'face'),(514,'background'),(515,'none'),(516,'both'),(517,'background'),(518,'both'),(519,'none'),(520,'both'),(521,'background'),(522,'both'),(523,'both'),(524,'background'),(525,'face'),(526,'none'),(527,'face'),(528,'none'),(529,'none'),(530,'both'),(531,'background'),(532,'none'),(533,'both'),(534,'face'),(535,'background'),(536,'background'),(537,'none'),(538,'both'),(539,'both'),(540,'none'),(541,'face'),(542,'background'),(543,'none'),(544,'background'),(545,'background'),(546,'both'),(547,'both'),(548,'none'),(549,'both'),(550,'none'),(551,'both'),(552,'face'),(553,'background'),(554,'background'),(555,'none'),(556,'face'),(557,'face'),(558,'face'),(559,'face'),(560,'background'),(561,'face'),(562,'background'),(563,'face'),(564,'both'),(565,'face'),(566,'background'),(567,'none'),(568,'none'),(569,'both'),(570,'both'),(571,'both'),(572,'both'),(573,'face'),(574,'both'),(575,'face'),(576,'background'),(577,'background'),(578,'background'),(579,'both'),(580,'background'),(581,'face'),(582,'both'),(583,'face'),(584,'background'),(585,'none'),(586,'both'),(587,'face'),(588,'none'),(589,'face'),(590,'both'),(591,'face'),(592,'background'),(593,'background'),(594,'both'),(595,'none'),(596,'background'),(597,'background'),(598,'none'),(599,'both'),(600,'none'),(601,'background'),(602,'none'),(603,'both'),(604,'both'),(605,'background'),(606,'both'),(607,'face'),(608,'none'),(609,'both'),(610,'both'),(611,'background'),(612,'both'),(613,'background'),(614,'both'),(615,'both'),(616,'both'),(617,'face'),(618,'none'),(619,'face'),(620,'face'),(621,'none'),(622,'background'),(623,'both'),(624,'none'),(625,'face'),(626,'none'),(627,'none'),(628,'face'),(629,'background'),(630,'none'),(631,'background'),(632,'both'),(633,'both'),(634,'background'),(635,'both'),(636,'background'),(637,'both'),(638,'face'),(639,'face'),(640,'none'),(641,'none'),(642,'none'),(643,'background'),(644,'face'),(645,'background'),(646,'both'),(647,'both'),(648,'background'),(649,'both'),(650,'both'),(651,'none'),(652,'none'),(653,'both'),(654,'both'),(655,'both'),(656,'background'),(657,'background'),(658,'none'),(659,'background'),(660,'both'),(661,'face'),(662,'none'),(663,'none'),(664,'none'),(665,'face'),(666,'none'),(667,'face'),(668,'face'),(669,'none'),(670,'both'),(671,'both'),(672,'face'),(673,'none'),(674,'both'),(675,'background'),(676,'background'),(677,'none'),(678,'both'),(679,'background'),(680,'none'),(681,'none'),(682,'both'),(683,'background'),(684,'none'),(685,'none'),(686,'none'),(687,'both'),(688,'face'),(689,'both'),(690,'both'),(691,'none'),(692,'none'),(693,'background'),(694,'both'),(695,'both'),(696,'background'),(697,'background'),(698,'face'),(699,'background'),(700,'both'),(701,'face'),(702,'both'),(703,'face'),(704,'face'),(705,'background'),(706,'face'),(707,'none'),(708,'background'),(709,'background'),(710,'none'),(711,'both'),(712,'both'),(713,'background'),(714,'background'),(715,'background'),(716,'face'),(717,'none'),(718,'background'),(719,'none'),(720,'both'),(721,'none'),(722,'background'),(723,'face'),(724,'none'),(725,'both'),(726,'background'),(727,'both'),(728,'both'),(729,'none'),(730,'both'),(731,'both'),(732,'background'),(733,'face'),(734,'both'),(735,'both'),(736,'both'),(737,'background'),(738,'background'),(739,'face'),(740,'background'),(741,'face'),(742,'face'),(743,'background'),(744,'background'),(745,'none'),(746,'both'),(747,'both'),(748,'none'),(749,'face'),(750,'face'),(751,'none'),(752,'none'),(753,'none'),(754,'none'),(755,'face'),(756,'none'),(757,'none'),(758,'both'),(759,'background'),(760,'background'),(761,'background'),(762,'both'),(763,'face'),(764,'background'),(765,'none'),(766,'none'),(767,'background'),(768,'both'),(769,'both'),(770,'both'),(771,'both'),(772,'none'),(773,'background'),(774,'none'),(775,'none'),(776,'face'),(777,'face'),(778,'both'),(779,'face'),(780,'background'),(781,'face'),(782,'none'),(783,'background'),(784,'face'),(785,'none'),(786,'background'),(787,'none'),(788,'background'),(789,'background'),(790,'background'),(791,'both'),(792,'background'),(793,'background'),(794,'background'),(795,'both'),(796,'none'),(797,'both'),(798,'none'),(799,'background'),(800,'background'),(801,'background'),(802,'face'),(803,'both'),(804,'none'),(805,'none'),(806,'background'),(807,'both'),(808,'none'),(809,'none'),(810,'face'),(811,'none'),(812,'both'),(813,'background'),(814,'both'),(815,'background'),(816,'both'),(817,'both'),(818,'none'),(819,'none'),(820,'none'),(821,'background'),(822,'none'),(823,'background'),(824,'both'),(825,'background'),(826,'background'),(827,'background'),(828,'face'),(829,'none'),(830,'both'),(831,'background'),(832,'both'),(833,'background'),(834,'background'),(835,'both'),(836,'background'),(837,'none'),(838,'background'),(839,'background'),(840,'background'),(841,'both'),(842,'none'),(843,'none'),(844,'none'),(845,'face'),(846,'both'),(847,'face'),(848,'background'),(849,'background'),(850,'none'),(851,'face'),(852,'face'),(853,'none'),(854,'both'),(855,'face'),(856,'both'),(857,'face'),(858,'none'),(859,'both'),(860,'both'),(861,'background'),(862,'face'),(863,'both'),(864,'background'),(865,'both'),(866,'background'),(867,'face'),(868,'face'),(869,'none'),(870,'face'),(871,'background'),(872,'both'),(873,'both'),(874,'face'),(875,'face'),(876,'none'),(877,'face'),(878,'both'),(879,'face'),(880,'face'),(881,'face'),(882,'background'),(883,'background'),(884,'background'),(885,'none'),(886,'background'),(887,'both'),(888,'background'),(889,'both'),(890,'background'),(891,'none'),(892,'both'),(893,'none'),(894,'face'),(895,'none'),(896,'both'),(897,'none'),(898,'face'),(899,'face'),(900,'none'),(901,'both'),(902,'none'),(903,'face'),(904,'both'),(905,'both'),(906,'both'),(907,'both'),(908,'face'),(909,'both'),(910,'background');
/*!40000 ALTER TABLE `TipeLensa` ENABLE KEYS */;
UNLOCK TABLES;
/*!40103 SET TIME_ZONE=@OLD_TIME_ZONE */;

/*!40101 SET SQL_MODE=@OLD_SQL_MODE */;
/*!40014 SET FOREIGN_KEY_CHECKS=@OLD_FOREIGN_KEY_CHECKS */;
/*!40014 SET UNIQUE_CHECKS=@OLD_UNIQUE_CHECKS */;
/*!40101 SET CHARACTER_SET_CLIENT=@OLD_CHARACTER_SET_CLIENT */;
/*!40101 SET CHARACTER_SET_RESULTS=@OLD_CHARACTER_SET_RESULTS */;
/*!40101 SET COLLATION_CONNECTION=@OLD_COLLATION_CONNECTION */;
/*!40111 SET SQL_NOTES=@OLD_SQL_NOTES */;

-- Dump completed on 2025-05-16 20:56:38
